{
  "periodicna": [
    {
      "dan": 0,
      "semestar": "zimski",
      "pocetak": "12:00",
      "kraj": "13:30",
      "naziv": "VA1",
      "predavac": "Huse"
    },
    {
      "dan": 2,
      "semestar": "zimski",
      "pocetak": "10:00",
      "kraj": "11:45",
      "naziv": "VA2",
      "predavac": "Jurić"
    },
    {
      "dan": 1,
      "semestar": "zimski",
      "pocetak": "09:00",
      "kraj": "10:30",
      "naziv": "VA1",
      "predavac": "Šejla"
    },
    {
      "dan": 3,
      "semestar": "ljetni",
      "pocetak": "15:00",
      "kraj": "16:30",
      "naziv": "MA",
      "predavac": "Ivona"
    },
    {
      "dan": 4,
      "semestar": "zimski",
      "pocetak": "10:00",
      "kraj": "12:00",
      "naziv": "0-01"
    }
  ],
  "vanredna": [
    {
      "datum": "12.10.2019",
      "pocetak": "12:00",
      "kraj": "13:30",
      "naziv": "0-01",
      "predavac": "Dinko"
    },
    {
      "datum": "05.08.2019",
      "pocetak": "14:00",
      "kraj": "16:30",
      "naziv": "0-04",
      "predavac": "Almasa"
    },
    {
      "datum": "05.08.2019",
      "pocetak": "17:00",
      "kraj": "19:30",
      "naziv": "0-04",
      "predavac": "Vedran"
    },
    {
      "datum": "26.11.2019",
      "pocetak": "10:00",
      "kraj": "11:30",
      "naziv": "1-01",
      "predavac": "Buza"
    },
    {
      "datum": "29.11.2019",
      "pocetak": "14:00",
      "kraj": "15:30",
      "naziv": "1-01",
      "predavac": "Nole"
    },
    {
      "datum": "28.11.2019",
      "pocetak": "13:00",
      "kraj": "14:30",
      "naziv": "0-01",
      "predavac": "Vensada"
    },
    {
      "datum": "08.12.2019",
      "pocetak": "10:00",
      "kraj": "12:00",
      "naziv": "0-01"
    },
    {
      "datum": "08.12.2019",
      "pocetak": "10:00",
      "kraj": "12:00",
      "naziv": "0-01"
    }
  ]
}