{
  "testId" : "1-unos.gspec",
  "name" : "unos.gspec",
  "report" : {
    "nodes" : [ {
      "name" : "Simple check",
      "status" : "info",
      "nodes" : [ {
        "name" : "check  unos.gspec --url http://localhost/unos.html --size 600x600 --htmlreport izvjestaji",
        "status" : "info",
        "nodes" : [ {
          "name" : "Check layout: unos.gspec included tags: ",
          "status" : "info",
          "time" : 1573674919639,
          "sections" : [ {
            "name" : "Header section",
            "place" : {
              "filePath" : "unos.gspec",
              "lineNumber" : 16
            },
            "objects" : [ {
              "name" : "meni",
              "specs" : [ {
                "status" : "info",
                "place" : {
                  "filePath" : "unos.gspec",
                  "lineNumber" : 18
                },
                "name" : "contains lista",
                "highlight" : [ "meni", "lista" ]
              } ]
            }, {
              "name" : "lista",
              "specs" : [ {
                "status" : "info",
                "place" : {
                  "filePath" : "unos.gspec",
                  "lineNumber" : 20
                },
                "name" : "css vertical-align is \"bottom\"",
                "highlight" : [ "lista" ]
              } ]
            }, {
              "name" : "lista-element-1",
              "specs" : [ {
                "status" : "info",
                "place" : {
                  "filePath" : "unos.gspec",
                  "lineNumber" : 22
                },
                "name" : "text contains \"Po�?etna\"",
                "highlight" : [ "lista-element-1" ]
              }, {
                "status" : "info",
                "place" : {
                  "filePath" : "unos.gspec",
                  "lineNumber" : 23
                },
                "name" : "above lista-element-2",
                "meta" : [ {
                  "from" : {
                    "object" : "lista-element-1",
                    "edge" : "bottom"
                  },
                  "to" : {
                    "object" : "lista-element-2",
                    "edge" : "top"
                  },
                  "expectedDistance" : ">= 0px",
                  "realDistance" : "6px"
                } ],
                "highlight" : [ "lista-element-1", "lista-element-2" ]
              } ]
            }, {
              "name" : "lista-element-2",
              "specs" : [ {
                "status" : "info",
                "place" : {
                  "filePath" : "unos.gspec",
                  "lineNumber" : 25
                },
                "name" : "text contains \"Sale\"",
                "highlight" : [ "lista-element-2" ]
              }, {
                "status" : "info",
                "place" : {
                  "filePath" : "unos.gspec",
                  "lineNumber" : 26
                },
                "name" : "above lista-element-3",
                "meta" : [ {
                  "from" : {
                    "object" : "lista-element-2",
                    "edge" : "bottom"
                  },
                  "to" : {
                    "object" : "lista-element-3",
                    "edge" : "top"
                  },
                  "expectedDistance" : ">= 0px",
                  "realDistance" : "6px"
                } ],
                "highlight" : [ "lista-element-2", "lista-element-3" ]
              } ]
            }, {
              "name" : "lista-element-3",
              "specs" : [ {
                "status" : "info",
                "place" : {
                  "filePath" : "unos.gspec",
                  "lineNumber" : 28
                },
                "name" : "text contains \"Unos\"",
                "highlight" : [ "lista-element-3" ]
              }, {
                "status" : "info",
                "place" : {
                  "filePath" : "unos.gspec",
                  "lineNumber" : 29
                },
                "name" : "above lista-element-4",
                "meta" : [ {
                  "from" : {
                    "object" : "lista-element-3",
                    "edge" : "bottom"
                  },
                  "to" : {
                    "object" : "lista-element-4",
                    "edge" : "top"
                  },
                  "expectedDistance" : ">= 0px",
                  "realDistance" : "6px"
                } ],
                "highlight" : [ "lista-element-3", "lista-element-4" ]
              }, {
                "status" : "info",
                "place" : {
                  "filePath" : "unos.gspec",
                  "lineNumber" : 30
                },
                "name" : "css text-decoration-line is \"none\"",
                "highlight" : [ "lista-element-3" ]
              } ]
            }, {
              "name" : "lista-element-4",
              "specs" : [ {
                "status" : "info",
                "place" : {
                  "filePath" : "unos.gspec",
                  "lineNumber" : 32
                },
                "name" : "text contains \"Rezervacije\"",
                "highlight" : [ "lista-element-4" ]
              }, {
                "status" : "info",
                "place" : {
                  "filePath" : "unos.gspec",
                  "lineNumber" : 33
                },
                "name" : "above lista-element-5",
                "meta" : [ {
                  "from" : {
                    "object" : "lista-element-4",
                    "edge" : "bottom"
                  },
                  "to" : {
                    "object" : "lista-element-5",
                    "edge" : "top"
                  },
                  "expectedDistance" : ">= 0px",
                  "realDistance" : "5px"
                } ],
                "highlight" : [ "lista-element-4", "lista-element-5" ]
              } ]
            }, {
              "name" : "lista-element-5",
              "specs" : [ {
                "status" : "info",
                "place" : {
                  "filePath" : "unos.gspec",
                  "lineNumber" : 35
                },
                "name" : "text contains \"Osobe\"",
                "highlight" : [ "lista-element-5" ]
              } ]
            } ]
          }, {
            "name" : "Main section",
            "place" : {
              "filePath" : "unos.gspec",
              "lineNumber" : 37
            },
            "objects" : [ {
              "name" : "sadrzaj",
              "specs" : [ {
                "status" : "info",
                "place" : {
                  "filePath" : "unos.gspec",
                  "lineNumber" : 39
                },
                "name" : "contains naziv,brojMjesta,odgovornaOsoba,sprat,unos",
                "highlight" : [ "sadrzaj", "naziv", "brojMjesta", "odgovornaOsoba", "sprat", "unos" ]
              } ]
            }, {
              "name" : "naziv",
              "specs" : [ {
                "status" : "info",
                "place" : {
                  "filePath" : "unos.gspec",
                  "lineNumber" : 41
                },
                "name" : "above brojMjesta",
                "meta" : [ {
                  "from" : {
                    "object" : "naziv",
                    "edge" : "bottom"
                  },
                  "to" : {
                    "object" : "brojMjesta",
                    "edge" : "top"
                  },
                  "expectedDistance" : ">= 0px",
                  "realDistance" : "29px"
                } ],
                "highlight" : [ "naziv", "brojMjesta" ]
              } ]
            }, {
              "name" : "brojMjesta",
              "specs" : [ {
                "status" : "info",
                "place" : {
                  "filePath" : "unos.gspec",
                  "lineNumber" : 43
                },
                "name" : "above odgovornaOsoba",
                "meta" : [ {
                  "from" : {
                    "object" : "brojMjesta",
                    "edge" : "bottom"
                  },
                  "to" : {
                    "object" : "odgovornaOsoba",
                    "edge" : "top"
                  },
                  "expectedDistance" : ">= 0px",
                  "realDistance" : "29px"
                } ],
                "highlight" : [ "brojMjesta", "odgovornaOsoba" ]
              } ]
            }, {
              "name" : "odgovornaOsoba",
              "specs" : [ {
                "status" : "info",
                "place" : {
                  "filePath" : "unos.gspec",
                  "lineNumber" : 45
                },
                "name" : "above sprat",
                "meta" : [ {
                  "from" : {
                    "object" : "odgovornaOsoba",
                    "edge" : "bottom"
                  },
                  "to" : {
                    "object" : "sprat",
                    "edge" : "top"
                  },
                  "expectedDistance" : ">= 0px",
                  "realDistance" : "29px"
                } ],
                "highlight" : [ "odgovornaOsoba", "sprat" ]
              } ]
            }, {
              "name" : "sprat",
              "specs" : [ {
                "status" : "info",
                "place" : {
                  "filePath" : "unos.gspec",
                  "lineNumber" : 47
                },
                "name" : "above unos",
                "meta" : [ {
                  "from" : {
                    "object" : "sprat",
                    "edge" : "bottom"
                  },
                  "to" : {
                    "object" : "unos",
                    "edge" : "top"
                  },
                  "expectedDistance" : ">= 0px",
                  "realDistance" : "16px"
                } ],
                "highlight" : [ "sprat", "unos" ]
              } ]
            }, {
              "name" : "labela",
              "specs" : [ {
                "status" : "info",
                "place" : {
                  "filePath" : "unos.gspec",
                  "lineNumber" : 49
                },
                "name" : "above sprat",
                "meta" : [ {
                  "from" : {
                    "object" : "labela",
                    "edge" : "bottom"
                  },
                  "to" : {
                    "object" : "sprat",
                    "edge" : "top"
                  },
                  "expectedDistance" : ">= 0px",
                  "realDistance" : "143px"
                } ],
                "highlight" : [ "labela", "sprat" ]
              } ]
            } ]
          } ],
          "objects" : {
            "meni" : {
              "area" : [ 129, 44, 330, 130 ]
            },
            "lista" : {
              "area" : [ 145, 53, 83, 114 ]
            },
            "sprat" : {
              "area" : [ 145, 358, 141, 17 ]
            },
            "naziv" : {
              "area" : [ 145, 220, 141, 17 ]
            },
            "unos" : {
              "area" : [ 145, 391, 300, 19 ]
            },
            "sadrzaj" : {
              "area" : [ 129, 180, 330, 235 ]
            },
            "odgovornaOsoba" : {
              "area" : [ 145, 312, 141, 17 ]
            },
            "lista-element-5" : {
              "area" : [ 150, 145, 73, 16 ]
            },
            "lista-element-4" : {
              "area" : [ 150, 124, 73, 16 ]
            },
            "lista-element-3" : {
              "area" : [ 150, 102, 73, 16 ]
            },
            "brojMjesta" : {
              "area" : [ 145, 266, 147, 17 ]
            },
            "lista-element-2" : {
              "area" : [ 150, 80, 73, 16 ]
            },
            "lista-element-1" : {
              "area" : [ 150, 58, 73, 16 ]
            },
            "labela" : {
              "area" : [ 145, 197, 120, 18 ]
            }
          },
          "screenshot" : "layout-1-screenshot.png",
          "type" : "layout"
        } ],
        "time" : 1573674917025,
        "type" : "node"
      } ],
      "time" : 1573674912812,
      "type" : "node"
    } ]
  }
}