{
  "testId" : "1-unos.gspec",
  "name" : "unos.gspec",
  "report" : {
    "nodes" : [ {
      "name" : "Simple check",
      "status" : "info",
      "nodes" : [ {
        "name" : "check  unos.gspec --url http://localhost/unos.html --size 1583x1400 --htmlreport reports/unos",
        "status" : "info",
        "nodes" : [ {
          "name" : "Check layout: unos.gspec included tags: ",
          "status" : "info",
          "time" : 1573645150825,
          "sections" : [ {
            "name" : "formaZaUnos",
            "place" : {
              "filePath" : "unos.gspec",
              "lineNumber" : 7
            },
            "objects" : [ {
              "name" : "formaZaUnos",
              "specs" : [ {
                "status" : "info",
                "place" : {
                  "filePath" : "unos.gspec",
                  "lineNumber" : 9
                },
                "name" : "centered all inside sadrzaj",
                "highlight" : [ "formaZaUnos", "sadrzaj" ]
              }, {
                "status" : "info",
                "place" : {
                  "filePath" : "unos.gspec",
                  "lineNumber" : 10
                },
                "name" : "width 526 to 528px",
                "meta" : [ {
                  "from" : {
                    "object" : "formaZaUnos",
                    "edge" : "left"
                  },
                  "to" : {
                    "object" : "formaZaUnos",
                    "edge" : "right"
                  },
                  "expectedDistance" : "526 to 528px",
                  "realDistance" : "527px"
                } ],
                "highlight" : [ "formaZaUnos" ]
              }, {
                "status" : "info",
                "place" : {
                  "filePath" : "unos.gspec",
                  "lineNumber" : 11
                },
                "name" : "height 303 to 305px",
                "meta" : [ {
                  "from" : {
                    "object" : "formaZaUnos",
                    "edge" : "top"
                  },
                  "to" : {
                    "object" : "formaZaUnos",
                    "edge" : "bottom"
                  },
                  "expectedDistance" : "303 to 305px",
                  "realDistance" : "304px"
                } ],
                "highlight" : [ "formaZaUnos" ]
              }, {
                "status" : "info",
                "place" : {
                  "filePath" : "unos.gspec",
                  "lineNumber" : 12
                },
                "name" : "left-of sadrzaj -1049 to -1047px",
                "meta" : [ {
                  "from" : {
                    "object" : "formaZaUnos",
                    "edge" : "right"
                  },
                  "to" : {
                    "object" : "sadrzaj",
                    "edge" : "left"
                  },
                  "expectedDistance" : "-1049 to -1047px",
                  "realDistance" : "-1048px"
                } ],
                "highlight" : [ "formaZaUnos", "sadrzaj" ]
              } ]
            } ]
          }, {
            "name" : "labele",
            "place" : {
              "filePath" : "unos.gspec",
              "lineNumber" : 14
            },
            "objects" : [ {
              "name" : "labele-1",
              "specs" : [ {
                "status" : "info",
                "place" : {
                  "filePath" : "unos.gspec",
                  "lineNumber" : 16
                },
                "name" : "width 170px",
                "meta" : [ {
                  "from" : {
                    "object" : "labele-1",
                    "edge" : "left"
                  },
                  "to" : {
                    "object" : "labele-1",
                    "edge" : "right"
                  },
                  "expectedDistance" : "170px",
                  "realDistance" : "170px"
                } ],
                "highlight" : [ "labele-1" ]
              }, {
                "status" : "info",
                "place" : {
                  "filePath" : "unos.gspec",
                  "lineNumber" : 17
                },
                "name" : "height 18px",
                "meta" : [ {
                  "from" : {
                    "object" : "labele-1",
                    "edge" : "top"
                  },
                  "to" : {
                    "object" : "labele-1",
                    "edge" : "bottom"
                  },
                  "expectedDistance" : "18px",
                  "realDistance" : "18px"
                } ],
                "highlight" : [ "labele-1" ]
              }, {
                "status" : "info",
                "place" : {
                  "filePath" : "unos.gspec",
                  "lineNumber" : 18
                },
                "name" : "left-of inputs-1 13 to 15px",
                "meta" : [ {
                  "from" : {
                    "object" : "labele-1",
                    "edge" : "right"
                  },
                  "to" : {
                    "object" : "inputs-1",
                    "edge" : "left"
                  },
                  "expectedDistance" : "13 to 15px",
                  "realDistance" : "14px"
                } ],
                "highlight" : [ "labele-1", "inputs-1" ]
              }, {
                "status" : "info",
                "place" : {
                  "filePath" : "unos.gspec",
                  "lineNumber" : 19
                },
                "name" : "above labele-2 18px",
                "meta" : [ {
                  "from" : {
                    "object" : "labele-1",
                    "edge" : "bottom"
                  },
                  "to" : {
                    "object" : "labele-2",
                    "edge" : "top"
                  },
                  "expectedDistance" : "18px",
                  "realDistance" : "18px"
                } ],
                "highlight" : [ "labele-1", "labele-2" ]
              } ]
            }, {
              "name" : "labele-2",
              "specs" : [ {
                "status" : "info",
                "place" : {
                  "filePath" : "unos.gspec",
                  "lineNumber" : 22
                },
                "name" : "width 170px",
                "meta" : [ {
                  "from" : {
                    "object" : "labele-2",
                    "edge" : "left"
                  },
                  "to" : {
                    "object" : "labele-2",
                    "edge" : "right"
                  },
                  "expectedDistance" : "170px",
                  "realDistance" : "170px"
                } ],
                "highlight" : [ "labele-2" ]
              }, {
                "status" : "info",
                "place" : {
                  "filePath" : "unos.gspec",
                  "lineNumber" : 23
                },
                "name" : "height 18px",
                "meta" : [ {
                  "from" : {
                    "object" : "labele-2",
                    "edge" : "top"
                  },
                  "to" : {
                    "object" : "labele-2",
                    "edge" : "bottom"
                  },
                  "expectedDistance" : "18px",
                  "realDistance" : "18px"
                } ],
                "highlight" : [ "labele-2" ]
              }, {
                "status" : "info",
                "place" : {
                  "filePath" : "unos.gspec",
                  "lineNumber" : 24
                },
                "name" : "left-of inputs-2 13 to 15px",
                "meta" : [ {
                  "from" : {
                    "object" : "labele-2",
                    "edge" : "right"
                  },
                  "to" : {
                    "object" : "inputs-2",
                    "edge" : "left"
                  },
                  "expectedDistance" : "13 to 15px",
                  "realDistance" : "14px"
                } ],
                "highlight" : [ "labele-2", "inputs-2" ]
              }, {
                "status" : "info",
                "place" : {
                  "filePath" : "unos.gspec",
                  "lineNumber" : 25
                },
                "name" : "above labele-3 18px",
                "meta" : [ {
                  "from" : {
                    "object" : "labele-2",
                    "edge" : "bottom"
                  },
                  "to" : {
                    "object" : "labele-3",
                    "edge" : "top"
                  },
                  "expectedDistance" : "18px",
                  "realDistance" : "18px"
                } ],
                "highlight" : [ "labele-2", "labele-3" ]
              } ]
            }, {
              "name" : "labele-3",
              "specs" : [ {
                "status" : "info",
                "place" : {
                  "filePath" : "unos.gspec",
                  "lineNumber" : 28
                },
                "name" : "width 170px",
                "meta" : [ {
                  "from" : {
                    "object" : "labele-3",
                    "edge" : "left"
                  },
                  "to" : {
                    "object" : "labele-3",
                    "edge" : "right"
                  },
                  "expectedDistance" : "170px",
                  "realDistance" : "170px"
                } ],
                "highlight" : [ "labele-3" ]
              }, {
                "status" : "info",
                "place" : {
                  "filePath" : "unos.gspec",
                  "lineNumber" : 29
                },
                "name" : "height 18px",
                "meta" : [ {
                  "from" : {
                    "object" : "labele-3",
                    "edge" : "top"
                  },
                  "to" : {
                    "object" : "labele-3",
                    "edge" : "bottom"
                  },
                  "expectedDistance" : "18px",
                  "realDistance" : "18px"
                } ],
                "highlight" : [ "labele-3" ]
              }, {
                "status" : "info",
                "place" : {
                  "filePath" : "unos.gspec",
                  "lineNumber" : 30
                },
                "name" : "left-of inputs-3 13 to 15px",
                "meta" : [ {
                  "from" : {
                    "object" : "labele-3",
                    "edge" : "right"
                  },
                  "to" : {
                    "object" : "inputs-3",
                    "edge" : "left"
                  },
                  "expectedDistance" : "13 to 15px",
                  "realDistance" : "14px"
                } ],
                "highlight" : [ "labele-3", "inputs-3" ]
              }, {
                "status" : "info",
                "place" : {
                  "filePath" : "unos.gspec",
                  "lineNumber" : 31
                },
                "name" : "above labele-4 18px",
                "meta" : [ {
                  "from" : {
                    "object" : "labele-3",
                    "edge" : "bottom"
                  },
                  "to" : {
                    "object" : "labele-4",
                    "edge" : "top"
                  },
                  "expectedDistance" : "18px",
                  "realDistance" : "18px"
                } ],
                "highlight" : [ "labele-3", "labele-4" ]
              } ]
            }, {
              "name" : "labele-4",
              "specs" : [ {
                "status" : "info",
                "place" : {
                  "filePath" : "unos.gspec",
                  "lineNumber" : 34
                },
                "name" : "width 170px",
                "meta" : [ {
                  "from" : {
                    "object" : "labele-4",
                    "edge" : "left"
                  },
                  "to" : {
                    "object" : "labele-4",
                    "edge" : "right"
                  },
                  "expectedDistance" : "170px",
                  "realDistance" : "170px"
                } ],
                "highlight" : [ "labele-4" ]
              }, {
                "status" : "info",
                "place" : {
                  "filePath" : "unos.gspec",
                  "lineNumber" : 35
                },
                "name" : "height 18px",
                "meta" : [ {
                  "from" : {
                    "object" : "labele-4",
                    "edge" : "top"
                  },
                  "to" : {
                    "object" : "labele-4",
                    "edge" : "bottom"
                  },
                  "expectedDistance" : "18px",
                  "realDistance" : "18px"
                } ],
                "highlight" : [ "labele-4" ]
              }, {
                "status" : "info",
                "place" : {
                  "filePath" : "unos.gspec",
                  "lineNumber" : 36
                },
                "name" : "left-of inputs-4 13 to 15px",
                "meta" : [ {
                  "from" : {
                    "object" : "labele-4",
                    "edge" : "right"
                  },
                  "to" : {
                    "object" : "inputs-4",
                    "edge" : "left"
                  },
                  "expectedDistance" : "13 to 15px",
                  "realDistance" : "14px"
                } ],
                "highlight" : [ "labele-4", "inputs-4" ]
              }, {
                "status" : "info",
                "place" : {
                  "filePath" : "unos.gspec",
                  "lineNumber" : 37
                },
                "name" : "below labele-3 18px",
                "meta" : [ {
                  "from" : {
                    "object" : "labele-4",
                    "edge" : "top"
                  },
                  "to" : {
                    "object" : "labele-3",
                    "edge" : "bottom"
                  },
                  "expectedDistance" : "18px",
                  "realDistance" : "18px"
                } ],
                "highlight" : [ "labele-4", "labele-3" ]
              } ]
            }, {
              "name" : "inputs-1",
              "specs" : [ {
                "status" : "info",
                "place" : {
                  "filePath" : "unos.gspec",
                  "lineNumber" : 40
                },
                "name" : "width 183px",
                "meta" : [ {
                  "from" : {
                    "object" : "inputs-1",
                    "edge" : "left"
                  },
                  "to" : {
                    "object" : "inputs-1",
                    "edge" : "right"
                  },
                  "expectedDistance" : "183px",
                  "realDistance" : "183px"
                } ],
                "highlight" : [ "inputs-1" ]
              }, {
                "status" : "info",
                "place" : {
                  "filePath" : "unos.gspec",
                  "lineNumber" : 41
                },
                "name" : "height 18px",
                "meta" : [ {
                  "from" : {
                    "object" : "inputs-1",
                    "edge" : "top"
                  },
                  "to" : {
                    "object" : "inputs-1",
                    "edge" : "bottom"
                  },
                  "expectedDistance" : "18px",
                  "realDistance" : "18px"
                } ],
                "highlight" : [ "inputs-1" ]
              }, {
                "status" : "info",
                "place" : {
                  "filePath" : "unos.gspec",
                  "lineNumber" : 42
                },
                "name" : "above inputs-2 18px",
                "meta" : [ {
                  "from" : {
                    "object" : "inputs-1",
                    "edge" : "bottom"
                  },
                  "to" : {
                    "object" : "inputs-2",
                    "edge" : "top"
                  },
                  "expectedDistance" : "18px",
                  "realDistance" : "18px"
                } ],
                "highlight" : [ "inputs-1", "inputs-2" ]
              } ]
            }, {
              "name" : "inputs-2",
              "specs" : [ {
                "status" : "info",
                "place" : {
                  "filePath" : "unos.gspec",
                  "lineNumber" : 45
                },
                "name" : "width 183px",
                "meta" : [ {
                  "from" : {
                    "object" : "inputs-2",
                    "edge" : "left"
                  },
                  "to" : {
                    "object" : "inputs-2",
                    "edge" : "right"
                  },
                  "expectedDistance" : "183px",
                  "realDistance" : "183px"
                } ],
                "highlight" : [ "inputs-2" ]
              }, {
                "status" : "info",
                "place" : {
                  "filePath" : "unos.gspec",
                  "lineNumber" : 46
                },
                "name" : "height 18px",
                "meta" : [ {
                  "from" : {
                    "object" : "inputs-2",
                    "edge" : "top"
                  },
                  "to" : {
                    "object" : "inputs-2",
                    "edge" : "bottom"
                  },
                  "expectedDistance" : "18px",
                  "realDistance" : "18px"
                } ],
                "highlight" : [ "inputs-2" ]
              }, {
                "status" : "info",
                "place" : {
                  "filePath" : "unos.gspec",
                  "lineNumber" : 47
                },
                "name" : "above inputs-3 18px",
                "meta" : [ {
                  "from" : {
                    "object" : "inputs-2",
                    "edge" : "bottom"
                  },
                  "to" : {
                    "object" : "inputs-3",
                    "edge" : "top"
                  },
                  "expectedDistance" : "18px",
                  "realDistance" : "18px"
                } ],
                "highlight" : [ "inputs-2", "inputs-3" ]
              } ]
            }, {
              "name" : "inputs-3",
              "specs" : [ {
                "status" : "info",
                "place" : {
                  "filePath" : "unos.gspec",
                  "lineNumber" : 50
                },
                "name" : "width 183px",
                "meta" : [ {
                  "from" : {
                    "object" : "inputs-3",
                    "edge" : "left"
                  },
                  "to" : {
                    "object" : "inputs-3",
                    "edge" : "right"
                  },
                  "expectedDistance" : "183px",
                  "realDistance" : "183px"
                } ],
                "highlight" : [ "inputs-3" ]
              }, {
                "status" : "info",
                "place" : {
                  "filePath" : "unos.gspec",
                  "lineNumber" : 51
                },
                "name" : "height 18px",
                "meta" : [ {
                  "from" : {
                    "object" : "inputs-3",
                    "edge" : "top"
                  },
                  "to" : {
                    "object" : "inputs-3",
                    "edge" : "bottom"
                  },
                  "expectedDistance" : "18px",
                  "realDistance" : "18px"
                } ],
                "highlight" : [ "inputs-3" ]
              }, {
                "status" : "info",
                "place" : {
                  "filePath" : "unos.gspec",
                  "lineNumber" : 52
                },
                "name" : "above inputs-4 18px",
                "meta" : [ {
                  "from" : {
                    "object" : "inputs-3",
                    "edge" : "bottom"
                  },
                  "to" : {
                    "object" : "inputs-4",
                    "edge" : "top"
                  },
                  "expectedDistance" : "18px",
                  "realDistance" : "18px"
                } ],
                "highlight" : [ "inputs-3", "inputs-4" ]
              } ]
            }, {
              "name" : "inputs-4",
              "specs" : [ {
                "status" : "info",
                "place" : {
                  "filePath" : "unos.gspec",
                  "lineNumber" : 55
                },
                "name" : "width 183px",
                "meta" : [ {
                  "from" : {
                    "object" : "inputs-4",
                    "edge" : "left"
                  },
                  "to" : {
                    "object" : "inputs-4",
                    "edge" : "right"
                  },
                  "expectedDistance" : "183px",
                  "realDistance" : "183px"
                } ],
                "highlight" : [ "inputs-4" ]
              }, {
                "status" : "info",
                "place" : {
                  "filePath" : "unos.gspec",
                  "lineNumber" : 56
                },
                "name" : "height 18px",
                "meta" : [ {
                  "from" : {
                    "object" : "inputs-4",
                    "edge" : "top"
                  },
                  "to" : {
                    "object" : "inputs-4",
                    "edge" : "bottom"
                  },
                  "expectedDistance" : "18px",
                  "realDistance" : "18px"
                } ],
                "highlight" : [ "inputs-4" ]
              }, {
                "status" : "info",
                "place" : {
                  "filePath" : "unos.gspec",
                  "lineNumber" : 57
                },
                "name" : "above inputs-5 18px",
                "meta" : [ {
                  "from" : {
                    "object" : "inputs-4",
                    "edge" : "bottom"
                  },
                  "to" : {
                    "object" : "inputs-5",
                    "edge" : "top"
                  },
                  "expectedDistance" : "18px",
                  "realDistance" : "18px"
                } ],
                "highlight" : [ "inputs-4", "inputs-5" ]
              } ]
            }, {
              "name" : "inputs-5",
              "specs" : [ {
                "status" : "info",
                "place" : {
                  "filePath" : "unos.gspec",
                  "lineNumber" : 60
                },
                "name" : "centered horizontally inside formaZaUnos",
                "highlight" : [ "inputs-5", "formaZaUnos" ]
              }, {
                "status" : "info",
                "place" : {
                  "filePath" : "unos.gspec",
                  "lineNumber" : 61
                },
                "name" : "below labele-4 18px",
                "meta" : [ {
                  "from" : {
                    "object" : "inputs-5",
                    "edge" : "top"
                  },
                  "to" : {
                    "object" : "labele-4",
                    "edge" : "bottom"
                  },
                  "expectedDistance" : "18px",
                  "realDistance" : "18px"
                } ],
                "highlight" : [ "inputs-5", "labele-4" ]
              }, {
                "status" : "info",
                "place" : {
                  "filePath" : "unos.gspec",
                  "lineNumber" : 62
                },
                "name" : "width 366 to 368px",
                "meta" : [ {
                  "from" : {
                    "object" : "inputs-5",
                    "edge" : "left"
                  },
                  "to" : {
                    "object" : "inputs-5",
                    "edge" : "right"
                  },
                  "expectedDistance" : "366 to 368px",
                  "realDistance" : "367px"
                } ],
                "highlight" : [ "inputs-5" ]
              }, {
                "status" : "info",
                "place" : {
                  "filePath" : "unos.gspec",
                  "lineNumber" : 63
                },
                "name" : "height 37 to 39px",
                "meta" : [ {
                  "from" : {
                    "object" : "inputs-5",
                    "edge" : "top"
                  },
                  "to" : {
                    "object" : "inputs-5",
                    "edge" : "bottom"
                  },
                  "expectedDistance" : "37 to 39px",
                  "realDistance" : "38px"
                } ],
                "highlight" : [ "inputs-5" ]
              } ]
            } ]
          } ],
          "objects" : {
            "inputs-2" : {
              "area" : [ 785, 350, 183, 18 ]
            },
            "labele-4" : {
              "area" : [ 601, 422, 170, 18 ]
            },
            "formaZaUnos" : {
              "area" : [ 521, 234, 527, 304 ]
            },
            "inputs-3" : {
              "area" : [ 785, 386, 183, 18 ]
            },
            "inputs-1" : {
              "area" : [ 785, 314, 183, 18 ]
            },
            "labele-1" : {
              "area" : [ 601, 314, 170, 18 ]
            },
            "sadrzaj" : {
              "area" : [ 0, 202, 1571, 368 ]
            },
            "labele-2" : {
              "area" : [ 601, 350, 170, 18 ]
            },
            "inputs-4" : {
              "area" : [ 785, 422, 183, 18 ]
            },
            "labele-3" : {
              "area" : [ 601, 386, 170, 18 ]
            },
            "inputs-5" : {
              "area" : [ 601, 458, 367, 38 ]
            }
          },
          "screenshot" : "layout-1-screenshot.png",
          "type" : "layout"
        } ],
        "time" : 1573645147263,
        "type" : "node"
      } ],
      "time" : 1573645140684,
      "type" : "node"
    } ]
  }
}