{
  "testId" : "1-rezervacija.gspec",
  "name" : "rezervacija.gspec",
  "report" : {
    "nodes" : [ {
      "name" : "Simple check",
      "status" : "info",
      "nodes" : [ {
        "name" : "check  rezervacija.gspec --url http://localhost/rezervacija.html --size 600x600 --htmlreport izvjestaji",
        "status" : "info",
        "nodes" : [ {
          "name" : "Check layout: rezervacija.gspec included tags: ",
          "status" : "info",
          "time" : 1573674260552,
          "sections" : [ {
            "name" : "= Header section",
            "place" : {
              "filePath" : "rezervacija.gspec",
              "lineNumber" : 19
            },
            "objects" : [ {
              "name" : "meni",
              "specs" : [ {
                "status" : "info",
                "place" : {
                  "filePath" : "rezervacija.gspec",
                  "lineNumber" : 21
                },
                "name" : "contains lista",
                "highlight" : [ "meni", "lista" ]
              } ]
            }, {
              "name" : "lista",
              "specs" : [ {
                "status" : "info",
                "place" : {
                  "filePath" : "rezervacija.gspec",
                  "lineNumber" : 23
                },
                "name" : "css vertical-align is \"bottom\"",
                "highlight" : [ "lista" ]
              } ]
            }, {
              "name" : "lista-element-1",
              "specs" : [ {
                "status" : "info",
                "place" : {
                  "filePath" : "rezervacija.gspec",
                  "lineNumber" : 25
                },
                "name" : "text contains \"Po�?etna\"",
                "highlight" : [ "lista-element-1" ]
              }, {
                "status" : "info",
                "place" : {
                  "filePath" : "rezervacija.gspec",
                  "lineNumber" : 26
                },
                "name" : "above lista-element-2",
                "meta" : [ {
                  "from" : {
                    "object" : "lista-element-1",
                    "edge" : "bottom"
                  },
                  "to" : {
                    "object" : "lista-element-2",
                    "edge" : "top"
                  },
                  "expectedDistance" : ">= 0px",
                  "realDistance" : "6px"
                } ],
                "highlight" : [ "lista-element-1", "lista-element-2" ]
              } ]
            }, {
              "name" : "lista-element-2",
              "specs" : [ {
                "status" : "info",
                "place" : {
                  "filePath" : "rezervacija.gspec",
                  "lineNumber" : 28
                },
                "name" : "text contains \"Sale\"",
                "highlight" : [ "lista-element-2" ]
              }, {
                "status" : "info",
                "place" : {
                  "filePath" : "rezervacija.gspec",
                  "lineNumber" : 29
                },
                "name" : "above lista-element-3",
                "meta" : [ {
                  "from" : {
                    "object" : "lista-element-2",
                    "edge" : "bottom"
                  },
                  "to" : {
                    "object" : "lista-element-3",
                    "edge" : "top"
                  },
                  "expectedDistance" : ">= 0px",
                  "realDistance" : "6px"
                } ],
                "highlight" : [ "lista-element-2", "lista-element-3" ]
              } ]
            }, {
              "name" : "lista-element-3",
              "specs" : [ {
                "status" : "info",
                "place" : {
                  "filePath" : "rezervacija.gspec",
                  "lineNumber" : 31
                },
                "name" : "text contains \"Unos\"",
                "highlight" : [ "lista-element-3" ]
              }, {
                "status" : "info",
                "place" : {
                  "filePath" : "rezervacija.gspec",
                  "lineNumber" : 32
                },
                "name" : "above lista-element-4",
                "meta" : [ {
                  "from" : {
                    "object" : "lista-element-3",
                    "edge" : "bottom"
                  },
                  "to" : {
                    "object" : "lista-element-4",
                    "edge" : "top"
                  },
                  "expectedDistance" : ">= 0px",
                  "realDistance" : "5px"
                } ],
                "highlight" : [ "lista-element-3", "lista-element-4" ]
              } ]
            }, {
              "name" : "lista-element-4",
              "specs" : [ {
                "status" : "info",
                "place" : {
                  "filePath" : "rezervacija.gspec",
                  "lineNumber" : 34
                },
                "name" : "text contains \"Rezervacije\"",
                "highlight" : [ "lista-element-4" ]
              }, {
                "status" : "info",
                "place" : {
                  "filePath" : "rezervacija.gspec",
                  "lineNumber" : 35
                },
                "name" : "css text-decoration-line is \"none\"",
                "highlight" : [ "lista-element-4" ]
              }, {
                "status" : "info",
                "place" : {
                  "filePath" : "rezervacija.gspec",
                  "lineNumber" : 36
                },
                "name" : "above lista-element-5",
                "meta" : [ {
                  "from" : {
                    "object" : "lista-element-4",
                    "edge" : "bottom"
                  },
                  "to" : {
                    "object" : "lista-element-5",
                    "edge" : "top"
                  },
                  "expectedDistance" : ">= 0px",
                  "realDistance" : "6px"
                } ],
                "highlight" : [ "lista-element-4", "lista-element-5" ]
              } ]
            }, {
              "name" : "lista-element-5",
              "specs" : [ {
                "status" : "info",
                "place" : {
                  "filePath" : "rezervacija.gspec",
                  "lineNumber" : 38
                },
                "name" : "text contains \"Osobe\"",
                "highlight" : [ "lista-element-5" ]
              } ]
            } ]
          }, {
            "name" : "Main section",
            "place" : {
              "filePath" : "rezervacija.gspec",
              "lineNumber" : 40
            },
            "objects" : [ {
              "name" : "frame",
              "specs" : [ {
                "status" : "info",
                "place" : {
                  "filePath" : "rezervacija.gspec",
                  "lineNumber" : 42
                },
                "name" : "width 20 to 30 % of screen/width",
                "meta" : [ {
                  "from" : {
                    "object" : "frame",
                    "edge" : "left"
                  },
                  "to" : {
                    "object" : "frame",
                    "edge" : "right"
                  },
                  "expectedDistance" : "20 to 30% [114 to 171px]",
                  "realDistance" : "29% [170px]"
                } ],
                "highlight" : [ "frame" ]
              } ]
            }, {
              "name" : "sadrzaj",
              "specs" : [ {
                "status" : "info",
                "place" : {
                  "filePath" : "rezervacija.gspec",
                  "lineNumber" : 44
                },
                "name" : "contains forma, kalendar",
                "highlight" : [ "sadrzaj", "forma", "kalendar" ]
              } ]
            }, {
              "name" : "sala",
              "specs" : [ {
                "status" : "info",
                "place" : {
                  "filePath" : "rezervacija.gspec",
                  "lineNumber" : 46
                },
                "name" : "above pocetak",
                "meta" : [ {
                  "from" : {
                    "object" : "sala",
                    "edge" : "bottom"
                  },
                  "to" : {
                    "object" : "pocetak",
                    "edge" : "top"
                  },
                  "expectedDistance" : ">= 0px",
                  "realDistance" : "61px"
                } ],
                "highlight" : [ "sala", "pocetak" ]
              } ]
            }, {
              "name" : "pocetak",
              "specs" : [ {
                "status" : "info",
                "place" : {
                  "filePath" : "rezervacija.gspec",
                  "lineNumber" : 48
                },
                "name" : "above kraj",
                "meta" : [ {
                  "from" : {
                    "object" : "pocetak",
                    "edge" : "bottom"
                  },
                  "to" : {
                    "object" : "kraj",
                    "edge" : "top"
                  },
                  "expectedDistance" : ">= 0px",
                  "realDistance" : "30px"
                } ],
                "highlight" : [ "pocetak", "kraj" ]
              } ]
            }, {
              "name" : "periodicna",
              "specs" : [ {
                "status" : "info",
                "place" : {
                  "filePath" : "rezervacija.gspec",
                  "lineNumber" : 50
                },
                "name" : "above pocetak",
                "meta" : [ {
                  "from" : {
                    "object" : "periodicna",
                    "edge" : "bottom"
                  },
                  "to" : {
                    "object" : "pocetak",
                    "edge" : "top"
                  },
                  "expectedDistance" : ">= 0px",
                  "realDistance" : "39px"
                } ],
                "highlight" : [ "periodicna", "pocetak" ]
              } ]
            } ]
          } ],
          "objects" : {
            "meni" : {
              "area" : [ 201, 42, 170, 130 ]
            },
            "lista" : {
              "area" : [ 209, 52, 83, 114 ]
            },
            "kraj" : {
              "area" : [ 217, 316, 99, 17 ]
            },
            "forma" : {
              "area" : [ 217, 186, 145, 148 ]
            },
            "sadrzaj" : {
              "area" : [ 201, 177, 170, 559 ]
            },
            "lista-element-5" : {
              "area" : [ 214, 144, 73, 16 ]
            },
            "lista-element-4" : {
              "area" : [ 214, 122, 73, 16 ]
            },
            "lista-element-3" : {
              "area" : [ 214, 101, 73, 16 ]
            },
            "sala" : {
              "area" : [ 291, 190, 51, 18 ]
            },
            "pocetak" : {
              "area" : [ 217, 269, 99, 17 ]
            },
            "lista-element-2" : {
              "area" : [ 214, 79, 73, 16 ]
            },
            "lista-element-1" : {
              "area" : [ 214, 57, 73, 16 ]
            },
            "kalendar" : {
              "area" : [ 209, 354, 153, 324 ]
            },
            "frame" : {
              "area" : [ 201, 42, 170, 694 ]
            },
            "periodicna" : {
              "area" : [ 291, 218, 12, 12 ]
            }
          },
          "screenshot" : "layout-1-screenshot.png",
          "type" : "layout"
        } ],
        "time" : 1573674258217,
        "type" : "node"
      } ],
      "time" : 1573674253915,
      "type" : "node"
    } ]
  }
}