{
  "testId" : "1-rezervacija.gspec",
  "name" : "rezervacija.gspec",
  "report" : {
    "nodes" : [ {
      "name" : "Simple check",
      "status" : "info",
      "nodes" : [ {
        "name" : "check  rezervacija.gspec --url http://localhost/rezervacija.html --size 1024x768 --htmlreport izvjestaji",
        "status" : "info",
        "nodes" : [ {
          "name" : "Check layout: rezervacija.gspec included tags: ",
          "status" : "info",
          "time" : 1573673049698,
          "sections" : [ {
            "name" : "Header section",
            "place" : {
              "filePath" : "rezervacija.gspec",
              "lineNumber" : 19
            },
            "objects" : [ {
              "name" : "meni",
              "specs" : [ {
                "status" : "info",
                "place" : {
                  "filePath" : "rezervacija.gspec",
                  "lineNumber" : 21
                },
                "name" : "contains lista",
                "highlight" : [ "meni", "lista" ]
              } ]
            }, {
              "name" : "lista",
              "specs" : [ {
                "status" : "info",
                "place" : {
                  "filePath" : "rezervacija.gspec",
                  "lineNumber" : 23
                },
                "name" : "css vertical-align is \"bottom\"",
                "highlight" : [ "lista" ]
              } ]
            }, {
              "name" : "logo",
              "specs" : [ {
                "status" : "info",
                "place" : {
                  "filePath" : "rezervacija.gspec",
                  "lineNumber" : 25
                },
                "name" : "near meni -40px top",
                "meta" : [ {
                  "from" : {
                    "object" : "logo",
                    "edge" : "bottom"
                  },
                  "to" : {
                    "object" : "meni",
                    "edge" : "top"
                  },
                  "expectedDistance" : "-40px",
                  "realDistance" : "-40px"
                } ],
                "highlight" : [ "logo", "meni" ]
              } ]
            }, {
              "name" : "lista-element-1",
              "specs" : [ {
                "status" : "info",
                "place" : {
                  "filePath" : "rezervacija.gspec",
                  "lineNumber" : 27
                },
                "name" : "text contains \"Po�?etna\"",
                "highlight" : [ "lista-element-1" ]
              } ]
            }, {
              "name" : "lista-element-2",
              "specs" : [ {
                "status" : "info",
                "place" : {
                  "filePath" : "rezervacija.gspec",
                  "lineNumber" : 29
                },
                "name" : "text contains \"Sale\"",
                "highlight" : [ "lista-element-2" ]
              } ]
            }, {
              "name" : "lista-element-3",
              "specs" : [ {
                "status" : "info",
                "place" : {
                  "filePath" : "rezervacija.gspec",
                  "lineNumber" : 31
                },
                "name" : "text contains \"Unos\"",
                "highlight" : [ "lista-element-3" ]
              } ]
            }, {
              "name" : "lista-element-4",
              "specs" : [ {
                "status" : "info",
                "place" : {
                  "filePath" : "rezervacija.gspec",
                  "lineNumber" : 33
                },
                "name" : "text contains \"Rezervacije\"",
                "highlight" : [ "lista-element-4" ]
              }, {
                "status" : "info",
                "place" : {
                  "filePath" : "rezervacija.gspec",
                  "lineNumber" : 34
                },
                "name" : "css text-decoration-line is \"none\"",
                "highlight" : [ "lista-element-4" ]
              } ]
            }, {
              "name" : "lista-element-5",
              "specs" : [ {
                "status" : "info",
                "place" : {
                  "filePath" : "rezervacija.gspec",
                  "lineNumber" : 36
                },
                "name" : "text contains \"Osobe\"",
                "highlight" : [ "lista-element-5" ]
              } ]
            } ]
          }, {
            "name" : "Main section",
            "place" : {
              "filePath" : "rezervacija.gspec",
              "lineNumber" : 38
            },
            "objects" : [ {
              "name" : "frame",
              "specs" : [ {
                "status" : "info",
                "place" : {
                  "filePath" : "rezervacija.gspec",
                  "lineNumber" : 40
                },
                "name" : "width 40 to 50 % of screen/width",
                "meta" : [ {
                  "from" : {
                    "object" : "frame",
                    "edge" : "left"
                  },
                  "to" : {
                    "object" : "frame",
                    "edge" : "right"
                  },
                  "expectedDistance" : "40 to 50% [405 to 506px]",
                  "realDistance" : "49% [506px]"
                } ],
                "highlight" : [ "frame" ]
              } ]
            }, {
              "name" : "sadrzaj",
              "specs" : [ {
                "status" : "info",
                "place" : {
                  "filePath" : "rezervacija.gspec",
                  "lineNumber" : 42
                },
                "name" : "contains forma, kalendar",
                "highlight" : [ "sadrzaj", "forma", "kalendar" ]
              } ]
            }, {
              "name" : "sala",
              "specs" : [ {
                "status" : "info",
                "place" : {
                  "filePath" : "rezervacija.gspec",
                  "lineNumber" : 44
                },
                "name" : "above pocetak 0 to 20 px",
                "meta" : [ {
                  "from" : {
                    "object" : "sala",
                    "edge" : "bottom"
                  },
                  "to" : {
                    "object" : "pocetak",
                    "edge" : "top"
                  },
                  "expectedDistance" : "0 to 20px",
                  "realDistance" : "12px"
                } ],
                "highlight" : [ "sala", "pocetak" ]
              } ]
            }, {
              "name" : "pocetak",
              "specs" : [ {
                "status" : "info",
                "place" : {
                  "filePath" : "rezervacija.gspec",
                  "lineNumber" : 46
                },
                "name" : "above kraj 0 to 20 px",
                "meta" : [ {
                  "from" : {
                    "object" : "pocetak",
                    "edge" : "bottom"
                  },
                  "to" : {
                    "object" : "kraj",
                    "edge" : "top"
                  },
                  "expectedDistance" : "0 to 20px",
                  "realDistance" : "10px"
                } ],
                "highlight" : [ "pocetak", "kraj" ]
              } ]
            }, {
              "name" : "periodicna",
              "specs" : [ {
                "status" : "info",
                "place" : {
                  "filePath" : "rezervacija.gspec",
                  "lineNumber" : 48
                },
                "name" : "above pocetak 0 to 20 px",
                "meta" : [ {
                  "from" : {
                    "object" : "periodicna",
                    "edge" : "bottom"
                  },
                  "to" : {
                    "object" : "pocetak",
                    "edge" : "top"
                  },
                  "expectedDistance" : "0 to 20px",
                  "realDistance" : "16px"
                } ],
                "highlight" : [ "periodicna", "pocetak" ]
              } ]
            }, {
              "name" : "slobodna",
              "specs" : [ {
                "status" : "info",
                "place" : {
                  "filePath" : "rezervacija.gspec",
                  "lineNumber" : 50
                },
                "name" : "css background-color is \"rgb(33, 224, 33)\"",
                "highlight" : [ "slobodna" ]
              } ]
            }, {
              "name" : "zauzeta",
              "specs" : [ {
                "status" : "info",
                "place" : {
                  "filePath" : "rezervacija.gspec",
                  "lineNumber" : 52
                },
                "name" : "css background-color is \"rgb(255, 69, 0)\"",
                "highlight" : [ "zauzeta" ]
              } ]
            } ]
          } ],
          "objects" : {
            "meni" : {
              "area" : [ 253, 75, 506, 80 ]
            },
            "lista" : {
              "area" : [ 278, 125, 276, 26 ]
            },
            "kraj" : {
              "area" : [ 455, 246, 99, 17 ]
            },
            "forma" : {
              "area" : [ 346, 186, 387, 80 ]
            },
            "sadrzaj" : {
              "area" : [ 253, 160, 506, 486 ]
            },
            "zauzeta" : {
              "area" : [ 604, 460, 51, 12 ]
            },
            "lista-element-5" : {
              "area" : [ 508, 130, 41, 16 ]
            },
            "lista-element-4" : {
              "area" : [ 425, 130, 73, 16 ]
            },
            "lista-element-3" : {
              "area" : [ 382, 130, 32, 16 ]
            },
            "sala" : {
              "area" : [ 455, 189, 51, 18 ]
            },
            "logo" : {
              "area" : [ 481, 35, 80, 80 ]
            },
            "pocetak" : {
              "area" : [ 455, 219, 99, 17 ]
            },
            "lista-element-2" : {
              "area" : [ 344, 130, 28, 16 ]
            },
            "lista-element-1" : {
              "area" : [ 283, 130, 51, 16 ]
            },
            "kalendar" : {
              "area" : [ 278, 286, 455, 281 ]
            },
            "frame" : {
              "area" : [ 253, 75, 506, 571 ]
            },
            "periodicna" : {
              "area" : [ 620, 191, 12, 12 ]
            },
            "slobodna" : {
              "area" : [ 542, 380, 51, 12 ]
            }
          },
          "screenshot" : "layout-1-screenshot.png",
          "type" : "layout"
        } ],
        "time" : 1573673047053,
        "type" : "node"
      } ],
      "time" : 1573673042346,
      "type" : "node"
    } ]
  }
}