{
  "testId" : "1-mobilepocetna.gspec",
  "name" : "mobilePocetna.gspec",
  "report" : {
    "nodes" : [ {
      "name" : "Simple check",
      "status" : "info",
      "nodes" : [ {
        "name" : "check  mobilePocetna.gspec --url http://localhost/pocetna.html --size 600x1400 --htmlreport reports/mobilePocetna",
        "status" : "info",
        "nodes" : [ {
          "name" : "Check layout: mobilePocetna.gspec included tags: ",
          "status" : "info",
          "time" : 1573645259540,
          "sections" : [ {
            "name" : "slike",
            "place" : {
              "filePath" : "mobilePocetna.gspec",
              "lineNumber" : 4
            },
            "objects" : [ {
              "name" : "images-1",
              "specs" : [ {
                "status" : "info",
                "place" : {
                  "filePath" : "mobilePocetna.gspec",
                  "lineNumber" : 7
                },
                "name" : "height 160px",
                "meta" : [ {
                  "from" : {
                    "object" : "images-1",
                    "edge" : "top"
                  },
                  "to" : {
                    "object" : "images-1",
                    "edge" : "bottom"
                  },
                  "expectedDistance" : "160px",
                  "realDistance" : "160px"
                } ],
                "highlight" : [ "images-1" ]
              }, {
                "status" : "info",
                "place" : {
                  "filePath" : "mobilePocetna.gspec",
                  "lineNumber" : 8
                },
                "name" : "width 240px",
                "meta" : [ {
                  "from" : {
                    "object" : "images-1",
                    "edge" : "left"
                  },
                  "to" : {
                    "object" : "images-1",
                    "edge" : "right"
                  },
                  "expectedDistance" : "240px",
                  "realDistance" : "240px"
                } ],
                "highlight" : [ "images-1" ]
              }, {
                "status" : "info",
                "place" : {
                  "filePath" : "mobilePocetna.gspec",
                  "lineNumber" : 12
                },
                "name" : "aligned vertically all images-1",
                "highlight" : [ "images-1", "images-1" ]
              }, {
                "status" : "info",
                "place" : {
                  "filePath" : "mobilePocetna.gspec",
                  "lineNumber" : 12
                },
                "name" : "aligned vertically all images-2",
                "highlight" : [ "images-1", "images-2" ]
              }, {
                "status" : "info",
                "place" : {
                  "filePath" : "mobilePocetna.gspec",
                  "lineNumber" : 12
                },
                "name" : "aligned vertically all images-3",
                "highlight" : [ "images-1", "images-3" ]
              }, {
                "status" : "info",
                "place" : {
                  "filePath" : "mobilePocetna.gspec",
                  "lineNumber" : 12
                },
                "name" : "aligned vertically all images-4",
                "highlight" : [ "images-1", "images-4" ]
              }, {
                "status" : "info",
                "place" : {
                  "filePath" : "mobilePocetna.gspec",
                  "lineNumber" : 12
                },
                "name" : "aligned vertically all images-5",
                "highlight" : [ "images-1", "images-5" ]
              }, {
                "status" : "info",
                "place" : {
                  "filePath" : "mobilePocetna.gspec",
                  "lineNumber" : 12
                },
                "name" : "aligned vertically all images-6",
                "highlight" : [ "images-1", "images-6" ]
              }, {
                "status" : "info",
                "place" : {
                  "filePath" : "mobilePocetna.gspec",
                  "lineNumber" : 12
                },
                "name" : "aligned vertically all images-7",
                "highlight" : [ "images-1", "images-7" ]
              }, {
                "status" : "info",
                "place" : {
                  "filePath" : "mobilePocetna.gspec",
                  "lineNumber" : 12
                },
                "name" : "aligned vertically all images-8",
                "highlight" : [ "images-1", "images-8" ]
              }, {
                "status" : "info",
                "place" : {
                  "filePath" : "mobilePocetna.gspec",
                  "lineNumber" : 12
                },
                "name" : "aligned vertically all images-9",
                "highlight" : [ "images-1", "images-9" ]
              }, {
                "status" : "info",
                "place" : {
                  "filePath" : "mobilePocetna.gspec",
                  "lineNumber" : 12
                },
                "name" : "aligned vertically all images-10",
                "highlight" : [ "images-1", "images-10" ]
              }, {
                "status" : "info",
                "place" : {
                  "filePath" : "mobilePocetna.gspec",
                  "lineNumber" : 34
                },
                "name" : "above images-2 40px",
                "meta" : [ {
                  "from" : {
                    "object" : "images-1",
                    "edge" : "bottom"
                  },
                  "to" : {
                    "object" : "images-2",
                    "edge" : "top"
                  },
                  "expectedDistance" : "40px",
                  "realDistance" : "40px"
                } ],
                "highlight" : [ "images-1", "images-2" ]
              } ]
            }, {
              "name" : "images-2",
              "specs" : [ {
                "status" : "info",
                "place" : {
                  "filePath" : "mobilePocetna.gspec",
                  "lineNumber" : 7
                },
                "name" : "height 160px",
                "meta" : [ {
                  "from" : {
                    "object" : "images-2",
                    "edge" : "top"
                  },
                  "to" : {
                    "object" : "images-2",
                    "edge" : "bottom"
                  },
                  "expectedDistance" : "160px",
                  "realDistance" : "160px"
                } ],
                "highlight" : [ "images-2" ]
              }, {
                "status" : "info",
                "place" : {
                  "filePath" : "mobilePocetna.gspec",
                  "lineNumber" : 8
                },
                "name" : "width 240px",
                "meta" : [ {
                  "from" : {
                    "object" : "images-2",
                    "edge" : "left"
                  },
                  "to" : {
                    "object" : "images-2",
                    "edge" : "right"
                  },
                  "expectedDistance" : "240px",
                  "realDistance" : "240px"
                } ],
                "highlight" : [ "images-2" ]
              }, {
                "status" : "info",
                "place" : {
                  "filePath" : "mobilePocetna.gspec",
                  "lineNumber" : 14
                },
                "name" : "aligned vertically all images-1",
                "highlight" : [ "images-2", "images-1" ]
              }, {
                "status" : "info",
                "place" : {
                  "filePath" : "mobilePocetna.gspec",
                  "lineNumber" : 14
                },
                "name" : "aligned vertically all images-2",
                "highlight" : [ "images-2", "images-2" ]
              }, {
                "status" : "info",
                "place" : {
                  "filePath" : "mobilePocetna.gspec",
                  "lineNumber" : 14
                },
                "name" : "aligned vertically all images-3",
                "highlight" : [ "images-2", "images-3" ]
              }, {
                "status" : "info",
                "place" : {
                  "filePath" : "mobilePocetna.gspec",
                  "lineNumber" : 14
                },
                "name" : "aligned vertically all images-4",
                "highlight" : [ "images-2", "images-4" ]
              }, {
                "status" : "info",
                "place" : {
                  "filePath" : "mobilePocetna.gspec",
                  "lineNumber" : 14
                },
                "name" : "aligned vertically all images-5",
                "highlight" : [ "images-2", "images-5" ]
              }, {
                "status" : "info",
                "place" : {
                  "filePath" : "mobilePocetna.gspec",
                  "lineNumber" : 14
                },
                "name" : "aligned vertically all images-6",
                "highlight" : [ "images-2", "images-6" ]
              }, {
                "status" : "info",
                "place" : {
                  "filePath" : "mobilePocetna.gspec",
                  "lineNumber" : 14
                },
                "name" : "aligned vertically all images-7",
                "highlight" : [ "images-2", "images-7" ]
              }, {
                "status" : "info",
                "place" : {
                  "filePath" : "mobilePocetna.gspec",
                  "lineNumber" : 14
                },
                "name" : "aligned vertically all images-8",
                "highlight" : [ "images-2", "images-8" ]
              }, {
                "status" : "info",
                "place" : {
                  "filePath" : "mobilePocetna.gspec",
                  "lineNumber" : 14
                },
                "name" : "aligned vertically all images-9",
                "highlight" : [ "images-2", "images-9" ]
              }, {
                "status" : "info",
                "place" : {
                  "filePath" : "mobilePocetna.gspec",
                  "lineNumber" : 14
                },
                "name" : "aligned vertically all images-10",
                "highlight" : [ "images-2", "images-10" ]
              }, {
                "status" : "info",
                "place" : {
                  "filePath" : "mobilePocetna.gspec",
                  "lineNumber" : 34
                },
                "name" : "above images-3 40px",
                "meta" : [ {
                  "from" : {
                    "object" : "images-2",
                    "edge" : "bottom"
                  },
                  "to" : {
                    "object" : "images-3",
                    "edge" : "top"
                  },
                  "expectedDistance" : "40px",
                  "realDistance" : "40px"
                } ],
                "highlight" : [ "images-2", "images-3" ]
              }, {
                "status" : "info",
                "place" : {
                  "filePath" : "mobilePocetna.gspec",
                  "lineNumber" : 38
                },
                "name" : "below images-1 40px",
                "meta" : [ {
                  "from" : {
                    "object" : "images-2",
                    "edge" : "top"
                  },
                  "to" : {
                    "object" : "images-1",
                    "edge" : "bottom"
                  },
                  "expectedDistance" : "40px",
                  "realDistance" : "40px"
                } ],
                "highlight" : [ "images-2", "images-1" ]
              } ]
            }, {
              "name" : "images-3",
              "specs" : [ {
                "status" : "info",
                "place" : {
                  "filePath" : "mobilePocetna.gspec",
                  "lineNumber" : 7
                },
                "name" : "height 160px",
                "meta" : [ {
                  "from" : {
                    "object" : "images-3",
                    "edge" : "top"
                  },
                  "to" : {
                    "object" : "images-3",
                    "edge" : "bottom"
                  },
                  "expectedDistance" : "160px",
                  "realDistance" : "160px"
                } ],
                "highlight" : [ "images-3" ]
              }, {
                "status" : "info",
                "place" : {
                  "filePath" : "mobilePocetna.gspec",
                  "lineNumber" : 8
                },
                "name" : "width 240px",
                "meta" : [ {
                  "from" : {
                    "object" : "images-3",
                    "edge" : "left"
                  },
                  "to" : {
                    "object" : "images-3",
                    "edge" : "right"
                  },
                  "expectedDistance" : "240px",
                  "realDistance" : "240px"
                } ],
                "highlight" : [ "images-3" ]
              }, {
                "status" : "info",
                "place" : {
                  "filePath" : "mobilePocetna.gspec",
                  "lineNumber" : 16
                },
                "name" : "aligned vertically all images-1",
                "highlight" : [ "images-3", "images-1" ]
              }, {
                "status" : "info",
                "place" : {
                  "filePath" : "mobilePocetna.gspec",
                  "lineNumber" : 16
                },
                "name" : "aligned vertically all images-2",
                "highlight" : [ "images-3", "images-2" ]
              }, {
                "status" : "info",
                "place" : {
                  "filePath" : "mobilePocetna.gspec",
                  "lineNumber" : 16
                },
                "name" : "aligned vertically all images-3",
                "highlight" : [ "images-3", "images-3" ]
              }, {
                "status" : "info",
                "place" : {
                  "filePath" : "mobilePocetna.gspec",
                  "lineNumber" : 16
                },
                "name" : "aligned vertically all images-4",
                "highlight" : [ "images-3", "images-4" ]
              }, {
                "status" : "info",
                "place" : {
                  "filePath" : "mobilePocetna.gspec",
                  "lineNumber" : 16
                },
                "name" : "aligned vertically all images-5",
                "highlight" : [ "images-3", "images-5" ]
              }, {
                "status" : "info",
                "place" : {
                  "filePath" : "mobilePocetna.gspec",
                  "lineNumber" : 16
                },
                "name" : "aligned vertically all images-6",
                "highlight" : [ "images-3", "images-6" ]
              }, {
                "status" : "info",
                "place" : {
                  "filePath" : "mobilePocetna.gspec",
                  "lineNumber" : 16
                },
                "name" : "aligned vertically all images-7",
                "highlight" : [ "images-3", "images-7" ]
              }, {
                "status" : "info",
                "place" : {
                  "filePath" : "mobilePocetna.gspec",
                  "lineNumber" : 16
                },
                "name" : "aligned vertically all images-8",
                "highlight" : [ "images-3", "images-8" ]
              }, {
                "status" : "info",
                "place" : {
                  "filePath" : "mobilePocetna.gspec",
                  "lineNumber" : 16
                },
                "name" : "aligned vertically all images-9",
                "highlight" : [ "images-3", "images-9" ]
              }, {
                "status" : "info",
                "place" : {
                  "filePath" : "mobilePocetna.gspec",
                  "lineNumber" : 16
                },
                "name" : "aligned vertically all images-10",
                "highlight" : [ "images-3", "images-10" ]
              }, {
                "status" : "info",
                "place" : {
                  "filePath" : "mobilePocetna.gspec",
                  "lineNumber" : 34
                },
                "name" : "above images-4 40px",
                "meta" : [ {
                  "from" : {
                    "object" : "images-3",
                    "edge" : "bottom"
                  },
                  "to" : {
                    "object" : "images-4",
                    "edge" : "top"
                  },
                  "expectedDistance" : "40px",
                  "realDistance" : "40px"
                } ],
                "highlight" : [ "images-3", "images-4" ]
              }, {
                "status" : "info",
                "place" : {
                  "filePath" : "mobilePocetna.gspec",
                  "lineNumber" : 38
                },
                "name" : "below images-2 40px",
                "meta" : [ {
                  "from" : {
                    "object" : "images-3",
                    "edge" : "top"
                  },
                  "to" : {
                    "object" : "images-2",
                    "edge" : "bottom"
                  },
                  "expectedDistance" : "40px",
                  "realDistance" : "40px"
                } ],
                "highlight" : [ "images-3", "images-2" ]
              } ]
            }, {
              "name" : "images-4",
              "specs" : [ {
                "status" : "info",
                "place" : {
                  "filePath" : "mobilePocetna.gspec",
                  "lineNumber" : 7
                },
                "name" : "height 160px",
                "meta" : [ {
                  "from" : {
                    "object" : "images-4",
                    "edge" : "top"
                  },
                  "to" : {
                    "object" : "images-4",
                    "edge" : "bottom"
                  },
                  "expectedDistance" : "160px",
                  "realDistance" : "160px"
                } ],
                "highlight" : [ "images-4" ]
              }, {
                "status" : "info",
                "place" : {
                  "filePath" : "mobilePocetna.gspec",
                  "lineNumber" : 8
                },
                "name" : "width 240px",
                "meta" : [ {
                  "from" : {
                    "object" : "images-4",
                    "edge" : "left"
                  },
                  "to" : {
                    "object" : "images-4",
                    "edge" : "right"
                  },
                  "expectedDistance" : "240px",
                  "realDistance" : "240px"
                } ],
                "highlight" : [ "images-4" ]
              }, {
                "status" : "info",
                "place" : {
                  "filePath" : "mobilePocetna.gspec",
                  "lineNumber" : 18
                },
                "name" : "aligned vertically all images-1",
                "highlight" : [ "images-4", "images-1" ]
              }, {
                "status" : "info",
                "place" : {
                  "filePath" : "mobilePocetna.gspec",
                  "lineNumber" : 18
                },
                "name" : "aligned vertically all images-2",
                "highlight" : [ "images-4", "images-2" ]
              }, {
                "status" : "info",
                "place" : {
                  "filePath" : "mobilePocetna.gspec",
                  "lineNumber" : 18
                },
                "name" : "aligned vertically all images-3",
                "highlight" : [ "images-4", "images-3" ]
              }, {
                "status" : "info",
                "place" : {
                  "filePath" : "mobilePocetna.gspec",
                  "lineNumber" : 18
                },
                "name" : "aligned vertically all images-4",
                "highlight" : [ "images-4", "images-4" ]
              }, {
                "status" : "info",
                "place" : {
                  "filePath" : "mobilePocetna.gspec",
                  "lineNumber" : 18
                },
                "name" : "aligned vertically all images-5",
                "highlight" : [ "images-4", "images-5" ]
              }, {
                "status" : "info",
                "place" : {
                  "filePath" : "mobilePocetna.gspec",
                  "lineNumber" : 18
                },
                "name" : "aligned vertically all images-6",
                "highlight" : [ "images-4", "images-6" ]
              }, {
                "status" : "info",
                "place" : {
                  "filePath" : "mobilePocetna.gspec",
                  "lineNumber" : 18
                },
                "name" : "aligned vertically all images-7",
                "highlight" : [ "images-4", "images-7" ]
              }, {
                "status" : "info",
                "place" : {
                  "filePath" : "mobilePocetna.gspec",
                  "lineNumber" : 18
                },
                "name" : "aligned vertically all images-8",
                "highlight" : [ "images-4", "images-8" ]
              }, {
                "status" : "info",
                "place" : {
                  "filePath" : "mobilePocetna.gspec",
                  "lineNumber" : 18
                },
                "name" : "aligned vertically all images-9",
                "highlight" : [ "images-4", "images-9" ]
              }, {
                "status" : "info",
                "place" : {
                  "filePath" : "mobilePocetna.gspec",
                  "lineNumber" : 18
                },
                "name" : "aligned vertically all images-10",
                "highlight" : [ "images-4", "images-10" ]
              }, {
                "status" : "info",
                "place" : {
                  "filePath" : "mobilePocetna.gspec",
                  "lineNumber" : 34
                },
                "name" : "above images-5 40px",
                "meta" : [ {
                  "from" : {
                    "object" : "images-4",
                    "edge" : "bottom"
                  },
                  "to" : {
                    "object" : "images-5",
                    "edge" : "top"
                  },
                  "expectedDistance" : "40px",
                  "realDistance" : "40px"
                } ],
                "highlight" : [ "images-4", "images-5" ]
              }, {
                "status" : "info",
                "place" : {
                  "filePath" : "mobilePocetna.gspec",
                  "lineNumber" : 38
                },
                "name" : "below images-3 40px",
                "meta" : [ {
                  "from" : {
                    "object" : "images-4",
                    "edge" : "top"
                  },
                  "to" : {
                    "object" : "images-3",
                    "edge" : "bottom"
                  },
                  "expectedDistance" : "40px",
                  "realDistance" : "40px"
                } ],
                "highlight" : [ "images-4", "images-3" ]
              } ]
            }, {
              "name" : "images-5",
              "specs" : [ {
                "status" : "info",
                "place" : {
                  "filePath" : "mobilePocetna.gspec",
                  "lineNumber" : 7
                },
                "name" : "height 160px",
                "meta" : [ {
                  "from" : {
                    "object" : "images-5",
                    "edge" : "top"
                  },
                  "to" : {
                    "object" : "images-5",
                    "edge" : "bottom"
                  },
                  "expectedDistance" : "160px",
                  "realDistance" : "160px"
                } ],
                "highlight" : [ "images-5" ]
              }, {
                "status" : "info",
                "place" : {
                  "filePath" : "mobilePocetna.gspec",
                  "lineNumber" : 8
                },
                "name" : "width 240px",
                "meta" : [ {
                  "from" : {
                    "object" : "images-5",
                    "edge" : "left"
                  },
                  "to" : {
                    "object" : "images-5",
                    "edge" : "right"
                  },
                  "expectedDistance" : "240px",
                  "realDistance" : "240px"
                } ],
                "highlight" : [ "images-5" ]
              }, {
                "status" : "info",
                "place" : {
                  "filePath" : "mobilePocetna.gspec",
                  "lineNumber" : 20
                },
                "name" : "aligned vertically all images-1",
                "highlight" : [ "images-5", "images-1" ]
              }, {
                "status" : "info",
                "place" : {
                  "filePath" : "mobilePocetna.gspec",
                  "lineNumber" : 20
                },
                "name" : "aligned vertically all images-2",
                "highlight" : [ "images-5", "images-2" ]
              }, {
                "status" : "info",
                "place" : {
                  "filePath" : "mobilePocetna.gspec",
                  "lineNumber" : 20
                },
                "name" : "aligned vertically all images-3",
                "highlight" : [ "images-5", "images-3" ]
              }, {
                "status" : "info",
                "place" : {
                  "filePath" : "mobilePocetna.gspec",
                  "lineNumber" : 20
                },
                "name" : "aligned vertically all images-4",
                "highlight" : [ "images-5", "images-4" ]
              }, {
                "status" : "info",
                "place" : {
                  "filePath" : "mobilePocetna.gspec",
                  "lineNumber" : 20
                },
                "name" : "aligned vertically all images-5",
                "highlight" : [ "images-5", "images-5" ]
              }, {
                "status" : "info",
                "place" : {
                  "filePath" : "mobilePocetna.gspec",
                  "lineNumber" : 20
                },
                "name" : "aligned vertically all images-6",
                "highlight" : [ "images-5", "images-6" ]
              }, {
                "status" : "info",
                "place" : {
                  "filePath" : "mobilePocetna.gspec",
                  "lineNumber" : 20
                },
                "name" : "aligned vertically all images-7",
                "highlight" : [ "images-5", "images-7" ]
              }, {
                "status" : "info",
                "place" : {
                  "filePath" : "mobilePocetna.gspec",
                  "lineNumber" : 20
                },
                "name" : "aligned vertically all images-8",
                "highlight" : [ "images-5", "images-8" ]
              }, {
                "status" : "info",
                "place" : {
                  "filePath" : "mobilePocetna.gspec",
                  "lineNumber" : 20
                },
                "name" : "aligned vertically all images-9",
                "highlight" : [ "images-5", "images-9" ]
              }, {
                "status" : "info",
                "place" : {
                  "filePath" : "mobilePocetna.gspec",
                  "lineNumber" : 20
                },
                "name" : "aligned vertically all images-10",
                "highlight" : [ "images-5", "images-10" ]
              }, {
                "status" : "info",
                "place" : {
                  "filePath" : "mobilePocetna.gspec",
                  "lineNumber" : 34
                },
                "name" : "above images-6 40px",
                "meta" : [ {
                  "from" : {
                    "object" : "images-5",
                    "edge" : "bottom"
                  },
                  "to" : {
                    "object" : "images-6",
                    "edge" : "top"
                  },
                  "expectedDistance" : "40px",
                  "realDistance" : "40px"
                } ],
                "highlight" : [ "images-5", "images-6" ]
              }, {
                "status" : "info",
                "place" : {
                  "filePath" : "mobilePocetna.gspec",
                  "lineNumber" : 38
                },
                "name" : "below images-4 40px",
                "meta" : [ {
                  "from" : {
                    "object" : "images-5",
                    "edge" : "top"
                  },
                  "to" : {
                    "object" : "images-4",
                    "edge" : "bottom"
                  },
                  "expectedDistance" : "40px",
                  "realDistance" : "40px"
                } ],
                "highlight" : [ "images-5", "images-4" ]
              } ]
            }, {
              "name" : "images-6",
              "specs" : [ {
                "status" : "info",
                "place" : {
                  "filePath" : "mobilePocetna.gspec",
                  "lineNumber" : 7
                },
                "name" : "height 160px",
                "meta" : [ {
                  "from" : {
                    "object" : "images-6",
                    "edge" : "top"
                  },
                  "to" : {
                    "object" : "images-6",
                    "edge" : "bottom"
                  },
                  "expectedDistance" : "160px",
                  "realDistance" : "160px"
                } ],
                "highlight" : [ "images-6" ]
              }, {
                "status" : "info",
                "place" : {
                  "filePath" : "mobilePocetna.gspec",
                  "lineNumber" : 8
                },
                "name" : "width 240px",
                "meta" : [ {
                  "from" : {
                    "object" : "images-6",
                    "edge" : "left"
                  },
                  "to" : {
                    "object" : "images-6",
                    "edge" : "right"
                  },
                  "expectedDistance" : "240px",
                  "realDistance" : "240px"
                } ],
                "highlight" : [ "images-6" ]
              }, {
                "status" : "info",
                "place" : {
                  "filePath" : "mobilePocetna.gspec",
                  "lineNumber" : 22
                },
                "name" : "aligned vertically all images-1",
                "highlight" : [ "images-6", "images-1" ]
              }, {
                "status" : "info",
                "place" : {
                  "filePath" : "mobilePocetna.gspec",
                  "lineNumber" : 22
                },
                "name" : "aligned vertically all images-2",
                "highlight" : [ "images-6", "images-2" ]
              }, {
                "status" : "info",
                "place" : {
                  "filePath" : "mobilePocetna.gspec",
                  "lineNumber" : 22
                },
                "name" : "aligned vertically all images-3",
                "highlight" : [ "images-6", "images-3" ]
              }, {
                "status" : "info",
                "place" : {
                  "filePath" : "mobilePocetna.gspec",
                  "lineNumber" : 22
                },
                "name" : "aligned vertically all images-4",
                "highlight" : [ "images-6", "images-4" ]
              }, {
                "status" : "info",
                "place" : {
                  "filePath" : "mobilePocetna.gspec",
                  "lineNumber" : 22
                },
                "name" : "aligned vertically all images-5",
                "highlight" : [ "images-6", "images-5" ]
              }, {
                "status" : "info",
                "place" : {
                  "filePath" : "mobilePocetna.gspec",
                  "lineNumber" : 22
                },
                "name" : "aligned vertically all images-6",
                "highlight" : [ "images-6", "images-6" ]
              }, {
                "status" : "info",
                "place" : {
                  "filePath" : "mobilePocetna.gspec",
                  "lineNumber" : 22
                },
                "name" : "aligned vertically all images-7",
                "highlight" : [ "images-6", "images-7" ]
              }, {
                "status" : "info",
                "place" : {
                  "filePath" : "mobilePocetna.gspec",
                  "lineNumber" : 22
                },
                "name" : "aligned vertically all images-8",
                "highlight" : [ "images-6", "images-8" ]
              }, {
                "status" : "info",
                "place" : {
                  "filePath" : "mobilePocetna.gspec",
                  "lineNumber" : 22
                },
                "name" : "aligned vertically all images-9",
                "highlight" : [ "images-6", "images-9" ]
              }, {
                "status" : "info",
                "place" : {
                  "filePath" : "mobilePocetna.gspec",
                  "lineNumber" : 22
                },
                "name" : "aligned vertically all images-10",
                "highlight" : [ "images-6", "images-10" ]
              }, {
                "status" : "info",
                "place" : {
                  "filePath" : "mobilePocetna.gspec",
                  "lineNumber" : 34
                },
                "name" : "above images-7 40px",
                "meta" : [ {
                  "from" : {
                    "object" : "images-6",
                    "edge" : "bottom"
                  },
                  "to" : {
                    "object" : "images-7",
                    "edge" : "top"
                  },
                  "expectedDistance" : "40px",
                  "realDistance" : "40px"
                } ],
                "highlight" : [ "images-6", "images-7" ]
              }, {
                "status" : "info",
                "place" : {
                  "filePath" : "mobilePocetna.gspec",
                  "lineNumber" : 38
                },
                "name" : "below images-5 40px",
                "meta" : [ {
                  "from" : {
                    "object" : "images-6",
                    "edge" : "top"
                  },
                  "to" : {
                    "object" : "images-5",
                    "edge" : "bottom"
                  },
                  "expectedDistance" : "40px",
                  "realDistance" : "40px"
                } ],
                "highlight" : [ "images-6", "images-5" ]
              } ]
            }, {
              "name" : "images-7",
              "specs" : [ {
                "status" : "info",
                "place" : {
                  "filePath" : "mobilePocetna.gspec",
                  "lineNumber" : 7
                },
                "name" : "height 160px",
                "meta" : [ {
                  "from" : {
                    "object" : "images-7",
                    "edge" : "top"
                  },
                  "to" : {
                    "object" : "images-7",
                    "edge" : "bottom"
                  },
                  "expectedDistance" : "160px",
                  "realDistance" : "160px"
                } ],
                "highlight" : [ "images-7" ]
              }, {
                "status" : "info",
                "place" : {
                  "filePath" : "mobilePocetna.gspec",
                  "lineNumber" : 8
                },
                "name" : "width 240px",
                "meta" : [ {
                  "from" : {
                    "object" : "images-7",
                    "edge" : "left"
                  },
                  "to" : {
                    "object" : "images-7",
                    "edge" : "right"
                  },
                  "expectedDistance" : "240px",
                  "realDistance" : "240px"
                } ],
                "highlight" : [ "images-7" ]
              }, {
                "status" : "info",
                "place" : {
                  "filePath" : "mobilePocetna.gspec",
                  "lineNumber" : 24
                },
                "name" : "aligned vertically all images-1",
                "highlight" : [ "images-7", "images-1" ]
              }, {
                "status" : "info",
                "place" : {
                  "filePath" : "mobilePocetna.gspec",
                  "lineNumber" : 24
                },
                "name" : "aligned vertically all images-2",
                "highlight" : [ "images-7", "images-2" ]
              }, {
                "status" : "info",
                "place" : {
                  "filePath" : "mobilePocetna.gspec",
                  "lineNumber" : 24
                },
                "name" : "aligned vertically all images-3",
                "highlight" : [ "images-7", "images-3" ]
              }, {
                "status" : "info",
                "place" : {
                  "filePath" : "mobilePocetna.gspec",
                  "lineNumber" : 24
                },
                "name" : "aligned vertically all images-4",
                "highlight" : [ "images-7", "images-4" ]
              }, {
                "status" : "info",
                "place" : {
                  "filePath" : "mobilePocetna.gspec",
                  "lineNumber" : 24
                },
                "name" : "aligned vertically all images-5",
                "highlight" : [ "images-7", "images-5" ]
              }, {
                "status" : "info",
                "place" : {
                  "filePath" : "mobilePocetna.gspec",
                  "lineNumber" : 24
                },
                "name" : "aligned vertically all images-6",
                "highlight" : [ "images-7", "images-6" ]
              }, {
                "status" : "info",
                "place" : {
                  "filePath" : "mobilePocetna.gspec",
                  "lineNumber" : 24
                },
                "name" : "aligned vertically all images-7",
                "highlight" : [ "images-7", "images-7" ]
              }, {
                "status" : "info",
                "place" : {
                  "filePath" : "mobilePocetna.gspec",
                  "lineNumber" : 24
                },
                "name" : "aligned vertically all images-8",
                "highlight" : [ "images-7", "images-8" ]
              }, {
                "status" : "info",
                "place" : {
                  "filePath" : "mobilePocetna.gspec",
                  "lineNumber" : 24
                },
                "name" : "aligned vertically all images-9",
                "highlight" : [ "images-7", "images-9" ]
              }, {
                "status" : "info",
                "place" : {
                  "filePath" : "mobilePocetna.gspec",
                  "lineNumber" : 24
                },
                "name" : "aligned vertically all images-10",
                "highlight" : [ "images-7", "images-10" ]
              }, {
                "status" : "info",
                "place" : {
                  "filePath" : "mobilePocetna.gspec",
                  "lineNumber" : 34
                },
                "name" : "above images-8 40px",
                "meta" : [ {
                  "from" : {
                    "object" : "images-7",
                    "edge" : "bottom"
                  },
                  "to" : {
                    "object" : "images-8",
                    "edge" : "top"
                  },
                  "expectedDistance" : "40px",
                  "realDistance" : "40px"
                } ],
                "highlight" : [ "images-7", "images-8" ]
              }, {
                "status" : "info",
                "place" : {
                  "filePath" : "mobilePocetna.gspec",
                  "lineNumber" : 38
                },
                "name" : "below images-6 40px",
                "meta" : [ {
                  "from" : {
                    "object" : "images-7",
                    "edge" : "top"
                  },
                  "to" : {
                    "object" : "images-6",
                    "edge" : "bottom"
                  },
                  "expectedDistance" : "40px",
                  "realDistance" : "40px"
                } ],
                "highlight" : [ "images-7", "images-6" ]
              } ]
            }, {
              "name" : "images-8",
              "specs" : [ {
                "status" : "info",
                "place" : {
                  "filePath" : "mobilePocetna.gspec",
                  "lineNumber" : 7
                },
                "name" : "height 160px",
                "meta" : [ {
                  "from" : {
                    "object" : "images-8",
                    "edge" : "top"
                  },
                  "to" : {
                    "object" : "images-8",
                    "edge" : "bottom"
                  },
                  "expectedDistance" : "160px",
                  "realDistance" : "160px"
                } ],
                "highlight" : [ "images-8" ]
              }, {
                "status" : "info",
                "place" : {
                  "filePath" : "mobilePocetna.gspec",
                  "lineNumber" : 8
                },
                "name" : "width 240px",
                "meta" : [ {
                  "from" : {
                    "object" : "images-8",
                    "edge" : "left"
                  },
                  "to" : {
                    "object" : "images-8",
                    "edge" : "right"
                  },
                  "expectedDistance" : "240px",
                  "realDistance" : "240px"
                } ],
                "highlight" : [ "images-8" ]
              }, {
                "status" : "info",
                "place" : {
                  "filePath" : "mobilePocetna.gspec",
                  "lineNumber" : 26
                },
                "name" : "aligned vertically all images-1",
                "highlight" : [ "images-8", "images-1" ]
              }, {
                "status" : "info",
                "place" : {
                  "filePath" : "mobilePocetna.gspec",
                  "lineNumber" : 26
                },
                "name" : "aligned vertically all images-2",
                "highlight" : [ "images-8", "images-2" ]
              }, {
                "status" : "info",
                "place" : {
                  "filePath" : "mobilePocetna.gspec",
                  "lineNumber" : 26
                },
                "name" : "aligned vertically all images-3",
                "highlight" : [ "images-8", "images-3" ]
              }, {
                "status" : "info",
                "place" : {
                  "filePath" : "mobilePocetna.gspec",
                  "lineNumber" : 26
                },
                "name" : "aligned vertically all images-4",
                "highlight" : [ "images-8", "images-4" ]
              }, {
                "status" : "info",
                "place" : {
                  "filePath" : "mobilePocetna.gspec",
                  "lineNumber" : 26
                },
                "name" : "aligned vertically all images-5",
                "highlight" : [ "images-8", "images-5" ]
              }, {
                "status" : "info",
                "place" : {
                  "filePath" : "mobilePocetna.gspec",
                  "lineNumber" : 26
                },
                "name" : "aligned vertically all images-6",
                "highlight" : [ "images-8", "images-6" ]
              }, {
                "status" : "info",
                "place" : {
                  "filePath" : "mobilePocetna.gspec",
                  "lineNumber" : 26
                },
                "name" : "aligned vertically all images-7",
                "highlight" : [ "images-8", "images-7" ]
              }, {
                "status" : "info",
                "place" : {
                  "filePath" : "mobilePocetna.gspec",
                  "lineNumber" : 26
                },
                "name" : "aligned vertically all images-8",
                "highlight" : [ "images-8", "images-8" ]
              }, {
                "status" : "info",
                "place" : {
                  "filePath" : "mobilePocetna.gspec",
                  "lineNumber" : 26
                },
                "name" : "aligned vertically all images-9",
                "highlight" : [ "images-8", "images-9" ]
              }, {
                "status" : "info",
                "place" : {
                  "filePath" : "mobilePocetna.gspec",
                  "lineNumber" : 26
                },
                "name" : "aligned vertically all images-10",
                "highlight" : [ "images-8", "images-10" ]
              }, {
                "status" : "info",
                "place" : {
                  "filePath" : "mobilePocetna.gspec",
                  "lineNumber" : 34
                },
                "name" : "above images-9 40px",
                "meta" : [ {
                  "from" : {
                    "object" : "images-8",
                    "edge" : "bottom"
                  },
                  "to" : {
                    "object" : "images-9",
                    "edge" : "top"
                  },
                  "expectedDistance" : "40px",
                  "realDistance" : "40px"
                } ],
                "highlight" : [ "images-8", "images-9" ]
              }, {
                "status" : "info",
                "place" : {
                  "filePath" : "mobilePocetna.gspec",
                  "lineNumber" : 38
                },
                "name" : "below images-7 40px",
                "meta" : [ {
                  "from" : {
                    "object" : "images-8",
                    "edge" : "top"
                  },
                  "to" : {
                    "object" : "images-7",
                    "edge" : "bottom"
                  },
                  "expectedDistance" : "40px",
                  "realDistance" : "40px"
                } ],
                "highlight" : [ "images-8", "images-7" ]
              } ]
            }, {
              "name" : "images-9",
              "specs" : [ {
                "status" : "info",
                "place" : {
                  "filePath" : "mobilePocetna.gspec",
                  "lineNumber" : 7
                },
                "name" : "height 160px",
                "meta" : [ {
                  "from" : {
                    "object" : "images-9",
                    "edge" : "top"
                  },
                  "to" : {
                    "object" : "images-9",
                    "edge" : "bottom"
                  },
                  "expectedDistance" : "160px",
                  "realDistance" : "160px"
                } ],
                "highlight" : [ "images-9" ]
              }, {
                "status" : "info",
                "place" : {
                  "filePath" : "mobilePocetna.gspec",
                  "lineNumber" : 8
                },
                "name" : "width 240px",
                "meta" : [ {
                  "from" : {
                    "object" : "images-9",
                    "edge" : "left"
                  },
                  "to" : {
                    "object" : "images-9",
                    "edge" : "right"
                  },
                  "expectedDistance" : "240px",
                  "realDistance" : "240px"
                } ],
                "highlight" : [ "images-9" ]
              }, {
                "status" : "info",
                "place" : {
                  "filePath" : "mobilePocetna.gspec",
                  "lineNumber" : 28
                },
                "name" : "aligned vertically all images-1",
                "highlight" : [ "images-9", "images-1" ]
              }, {
                "status" : "info",
                "place" : {
                  "filePath" : "mobilePocetna.gspec",
                  "lineNumber" : 28
                },
                "name" : "aligned vertically all images-2",
                "highlight" : [ "images-9", "images-2" ]
              }, {
                "status" : "info",
                "place" : {
                  "filePath" : "mobilePocetna.gspec",
                  "lineNumber" : 28
                },
                "name" : "aligned vertically all images-3",
                "highlight" : [ "images-9", "images-3" ]
              }, {
                "status" : "info",
                "place" : {
                  "filePath" : "mobilePocetna.gspec",
                  "lineNumber" : 28
                },
                "name" : "aligned vertically all images-4",
                "highlight" : [ "images-9", "images-4" ]
              }, {
                "status" : "info",
                "place" : {
                  "filePath" : "mobilePocetna.gspec",
                  "lineNumber" : 28
                },
                "name" : "aligned vertically all images-5",
                "highlight" : [ "images-9", "images-5" ]
              }, {
                "status" : "info",
                "place" : {
                  "filePath" : "mobilePocetna.gspec",
                  "lineNumber" : 28
                },
                "name" : "aligned vertically all images-6",
                "highlight" : [ "images-9", "images-6" ]
              }, {
                "status" : "info",
                "place" : {
                  "filePath" : "mobilePocetna.gspec",
                  "lineNumber" : 28
                },
                "name" : "aligned vertically all images-7",
                "highlight" : [ "images-9", "images-7" ]
              }, {
                "status" : "info",
                "place" : {
                  "filePath" : "mobilePocetna.gspec",
                  "lineNumber" : 28
                },
                "name" : "aligned vertically all images-8",
                "highlight" : [ "images-9", "images-8" ]
              }, {
                "status" : "info",
                "place" : {
                  "filePath" : "mobilePocetna.gspec",
                  "lineNumber" : 28
                },
                "name" : "aligned vertically all images-9",
                "highlight" : [ "images-9", "images-9" ]
              }, {
                "status" : "info",
                "place" : {
                  "filePath" : "mobilePocetna.gspec",
                  "lineNumber" : 28
                },
                "name" : "aligned vertically all images-10",
                "highlight" : [ "images-9", "images-10" ]
              }, {
                "status" : "info",
                "place" : {
                  "filePath" : "mobilePocetna.gspec",
                  "lineNumber" : 34
                },
                "name" : "above images-10 40px",
                "meta" : [ {
                  "from" : {
                    "object" : "images-9",
                    "edge" : "bottom"
                  },
                  "to" : {
                    "object" : "images-10",
                    "edge" : "top"
                  },
                  "expectedDistance" : "40px",
                  "realDistance" : "40px"
                } ],
                "highlight" : [ "images-9", "images-10" ]
              }, {
                "status" : "info",
                "place" : {
                  "filePath" : "mobilePocetna.gspec",
                  "lineNumber" : 38
                },
                "name" : "below images-8 40px",
                "meta" : [ {
                  "from" : {
                    "object" : "images-9",
                    "edge" : "top"
                  },
                  "to" : {
                    "object" : "images-8",
                    "edge" : "bottom"
                  },
                  "expectedDistance" : "40px",
                  "realDistance" : "40px"
                } ],
                "highlight" : [ "images-9", "images-8" ]
              } ]
            }, {
              "name" : "images-10",
              "specs" : [ {
                "status" : "info",
                "place" : {
                  "filePath" : "mobilePocetna.gspec",
                  "lineNumber" : 7
                },
                "name" : "height 160px",
                "meta" : [ {
                  "from" : {
                    "object" : "images-10",
                    "edge" : "top"
                  },
                  "to" : {
                    "object" : "images-10",
                    "edge" : "bottom"
                  },
                  "expectedDistance" : "160px",
                  "realDistance" : "160px"
                } ],
                "highlight" : [ "images-10" ]
              }, {
                "status" : "info",
                "place" : {
                  "filePath" : "mobilePocetna.gspec",
                  "lineNumber" : 8
                },
                "name" : "width 240px",
                "meta" : [ {
                  "from" : {
                    "object" : "images-10",
                    "edge" : "left"
                  },
                  "to" : {
                    "object" : "images-10",
                    "edge" : "right"
                  },
                  "expectedDistance" : "240px",
                  "realDistance" : "240px"
                } ],
                "highlight" : [ "images-10" ]
              }, {
                "status" : "info",
                "place" : {
                  "filePath" : "mobilePocetna.gspec",
                  "lineNumber" : 30
                },
                "name" : "aligned vertically all images-1",
                "highlight" : [ "images-10", "images-1" ]
              }, {
                "status" : "info",
                "place" : {
                  "filePath" : "mobilePocetna.gspec",
                  "lineNumber" : 30
                },
                "name" : "aligned vertically all images-2",
                "highlight" : [ "images-10", "images-2" ]
              }, {
                "status" : "info",
                "place" : {
                  "filePath" : "mobilePocetna.gspec",
                  "lineNumber" : 30
                },
                "name" : "aligned vertically all images-3",
                "highlight" : [ "images-10", "images-3" ]
              }, {
                "status" : "info",
                "place" : {
                  "filePath" : "mobilePocetna.gspec",
                  "lineNumber" : 30
                },
                "name" : "aligned vertically all images-4",
                "highlight" : [ "images-10", "images-4" ]
              }, {
                "status" : "info",
                "place" : {
                  "filePath" : "mobilePocetna.gspec",
                  "lineNumber" : 30
                },
                "name" : "aligned vertically all images-5",
                "highlight" : [ "images-10", "images-5" ]
              }, {
                "status" : "info",
                "place" : {
                  "filePath" : "mobilePocetna.gspec",
                  "lineNumber" : 30
                },
                "name" : "aligned vertically all images-6",
                "highlight" : [ "images-10", "images-6" ]
              }, {
                "status" : "info",
                "place" : {
                  "filePath" : "mobilePocetna.gspec",
                  "lineNumber" : 30
                },
                "name" : "aligned vertically all images-7",
                "highlight" : [ "images-10", "images-7" ]
              }, {
                "status" : "info",
                "place" : {
                  "filePath" : "mobilePocetna.gspec",
                  "lineNumber" : 30
                },
                "name" : "aligned vertically all images-8",
                "highlight" : [ "images-10", "images-8" ]
              }, {
                "status" : "info",
                "place" : {
                  "filePath" : "mobilePocetna.gspec",
                  "lineNumber" : 30
                },
                "name" : "aligned vertically all images-9",
                "highlight" : [ "images-10", "images-9" ]
              }, {
                "status" : "info",
                "place" : {
                  "filePath" : "mobilePocetna.gspec",
                  "lineNumber" : 30
                },
                "name" : "aligned vertically all images-10",
                "highlight" : [ "images-10", "images-10" ]
              }, {
                "status" : "info",
                "place" : {
                  "filePath" : "mobilePocetna.gspec",
                  "lineNumber" : 38
                },
                "name" : "below images-9 40px",
                "meta" : [ {
                  "from" : {
                    "object" : "images-10",
                    "edge" : "top"
                  },
                  "to" : {
                    "object" : "images-9",
                    "edge" : "bottom"
                  },
                  "expectedDistance" : "40px",
                  "realDistance" : "40px"
                } ],
                "highlight" : [ "images-10", "images-9" ]
              } ]
            } ]
          } ],
          "objects" : {
            "images-8" : {
              "area" : [ 165, 1737, 240, 160 ]
            },
            "images-7" : {
              "area" : [ 165, 1537, 240, 160 ]
            },
            "images-10" : {
              "area" : [ 165, 2137, 240, 160 ]
            },
            "images-6" : {
              "area" : [ 165, 1337, 240, 160 ]
            },
            "images-5" : {
              "area" : [ 165, 1137, 240, 160 ]
            },
            "images-9" : {
              "area" : [ 165, 1937, 240, 160 ]
            },
            "images-4" : {
              "area" : [ 165, 937, 240, 160 ]
            },
            "images-3" : {
              "area" : [ 165, 737, 240, 160 ]
            },
            "images-2" : {
              "area" : [ 165, 537, 240, 160 ]
            },
            "images-1" : {
              "area" : [ 165, 337, 240, 160 ]
            }
          },
          "screenshot" : "layout-1-screenshot.png",
          "type" : "layout"
        } ],
        "time" : 1573645250075,
        "type" : "node"
      } ],
      "time" : 1573645241969,
      "type" : "node"
    } ]
  }
}