{
  "testId" : "1-mobilerezervacija.gspec",
  "name" : "mobileRezervacija.gspec",
  "report" : {
    "nodes" : [ {
      "name" : "Simple check",
      "status" : "info",
      "nodes" : [ {
        "name" : "check  mobileRezervacija.gspec --url http://localhost/rezervacija.html --size 600x1400 --htmlreport reports/mobileRezervacija",
        "status" : "info",
        "nodes" : [ {
          "name" : "Check layout: mobileRezervacija.gspec included tags: ",
          "status" : "info",
          "time" : 1573645317328,
          "sections" : [ {
            "name" : "rezervacija",
            "place" : {
              "filePath" : "mobileRezervacija.gspec",
              "lineNumber" : 8
            },
            "objects" : [ {
              "name" : "formaZaUnos",
              "specs" : [ {
                "status" : "info",
                "place" : {
                  "filePath" : "mobileRezervacija.gspec",
                  "lineNumber" : 10
                },
                "name" : "width 330px",
                "meta" : [ {
                  "from" : {
                    "object" : "formaZaUnos",
                    "edge" : "left"
                  },
                  "to" : {
                    "object" : "formaZaUnos",
                    "edge" : "right"
                  },
                  "expectedDistance" : "330px",
                  "realDistance" : "330px"
                } ],
                "highlight" : [ "formaZaUnos" ]
              }, {
                "status" : "info",
                "place" : {
                  "filePath" : "mobileRezervacija.gspec",
                  "lineNumber" : 11
                },
                "name" : "height 280px",
                "meta" : [ {
                  "from" : {
                    "object" : "formaZaUnos",
                    "edge" : "top"
                  },
                  "to" : {
                    "object" : "formaZaUnos",
                    "edge" : "bottom"
                  },
                  "expectedDistance" : "280px",
                  "realDistance" : "280px"
                } ],
                "highlight" : [ "formaZaUnos" ]
              }, {
                "status" : "info",
                "place" : {
                  "filePath" : "mobileRezervacija.gspec",
                  "lineNumber" : 12
                },
                "name" : "above kalendar 48 to 50px",
                "meta" : [ {
                  "from" : {
                    "object" : "formaZaUnos",
                    "edge" : "bottom"
                  },
                  "to" : {
                    "object" : "kalendar",
                    "edge" : "top"
                  },
                  "expectedDistance" : "48 to 50px",
                  "realDistance" : "49px"
                } ],
                "highlight" : [ "formaZaUnos", "kalendar" ]
              } ]
            }, {
              "name" : "labels-1",
              "specs" : [ {
                "status" : "info",
                "place" : {
                  "filePath" : "mobileRezervacija.gspec",
                  "lineNumber" : 15
                },
                "name" : "width 221px",
                "meta" : [ {
                  "from" : {
                    "object" : "labels-1",
                    "edge" : "left"
                  },
                  "to" : {
                    "object" : "labels-1",
                    "edge" : "right"
                  },
                  "expectedDistance" : "221px",
                  "realDistance" : "221px"
                } ],
                "highlight" : [ "labels-1" ]
              }, {
                "status" : "info",
                "place" : {
                  "filePath" : "mobileRezervacija.gspec",
                  "lineNumber" : 16
                },
                "name" : "height 18px",
                "meta" : [ {
                  "from" : {
                    "object" : "labels-1",
                    "edge" : "top"
                  },
                  "to" : {
                    "object" : "labels-1",
                    "edge" : "bottom"
                  },
                  "expectedDistance" : "18px",
                  "realDistance" : "18px"
                } ],
                "highlight" : [ "labels-1" ]
              }, {
                "status" : "info",
                "place" : {
                  "filePath" : "mobileRezervacija.gspec",
                  "lineNumber" : 17
                },
                "name" : "above listaSala 11px",
                "meta" : [ {
                  "from" : {
                    "object" : "labels-1",
                    "edge" : "bottom"
                  },
                  "to" : {
                    "object" : "listaSala",
                    "edge" : "top"
                  },
                  "expectedDistance" : "11px",
                  "realDistance" : "11px"
                } ],
                "highlight" : [ "labels-1", "listaSala" ]
              }, {
                "status" : "info",
                "place" : {
                  "filePath" : "mobileRezervacija.gspec",
                  "lineNumber" : 18
                },
                "name" : "right-of formaZaUnos -245px",
                "meta" : [ {
                  "from" : {
                    "object" : "labels-1",
                    "edge" : "left"
                  },
                  "to" : {
                    "object" : "formaZaUnos",
                    "edge" : "right"
                  },
                  "expectedDistance" : "-245px",
                  "realDistance" : "-245px"
                } ],
                "highlight" : [ "labels-1", "formaZaUnos" ]
              } ]
            }, {
              "name" : "labels-2",
              "specs" : [ {
                "status" : "info",
                "place" : {
                  "filePath" : "mobileRezervacija.gspec",
                  "lineNumber" : 21
                },
                "name" : "width 221px",
                "meta" : [ {
                  "from" : {
                    "object" : "labels-2",
                    "edge" : "left"
                  },
                  "to" : {
                    "object" : "labels-2",
                    "edge" : "right"
                  },
                  "expectedDistance" : "221px",
                  "realDistance" : "221px"
                } ],
                "highlight" : [ "labels-2" ]
              }, {
                "status" : "info",
                "place" : {
                  "filePath" : "mobileRezervacija.gspec",
                  "lineNumber" : 22
                },
                "name" : "height 18px",
                "meta" : [ {
                  "from" : {
                    "object" : "labels-2",
                    "edge" : "top"
                  },
                  "to" : {
                    "object" : "labels-2",
                    "edge" : "bottom"
                  },
                  "expectedDistance" : "18px",
                  "realDistance" : "18px"
                } ],
                "highlight" : [ "labels-2" ]
              }, {
                "status" : "info",
                "place" : {
                  "filePath" : "mobileRezervacija.gspec",
                  "lineNumber" : 23
                },
                "name" : "above inputs-1 11px",
                "meta" : [ {
                  "from" : {
                    "object" : "labels-2",
                    "edge" : "bottom"
                  },
                  "to" : {
                    "object" : "inputs-1",
                    "edge" : "top"
                  },
                  "expectedDistance" : "11px",
                  "realDistance" : "11px"
                } ],
                "highlight" : [ "labels-2", "inputs-1" ]
              }, {
                "status" : "info",
                "place" : {
                  "filePath" : "mobileRezervacija.gspec",
                  "lineNumber" : 24
                },
                "name" : "below listaSala 18px",
                "meta" : [ {
                  "from" : {
                    "object" : "labels-2",
                    "edge" : "top"
                  },
                  "to" : {
                    "object" : "listaSala",
                    "edge" : "bottom"
                  },
                  "expectedDistance" : "18px",
                  "realDistance" : "18px"
                } ],
                "highlight" : [ "labels-2", "listaSala" ]
              }, {
                "status" : "info",
                "place" : {
                  "filePath" : "mobileRezervacija.gspec",
                  "lineNumber" : 25
                },
                "name" : "right-of formaZaUnos -245px",
                "meta" : [ {
                  "from" : {
                    "object" : "labels-2",
                    "edge" : "left"
                  },
                  "to" : {
                    "object" : "formaZaUnos",
                    "edge" : "right"
                  },
                  "expectedDistance" : "-245px",
                  "realDistance" : "-245px"
                } ],
                "highlight" : [ "labels-2", "formaZaUnos" ]
              } ]
            }, {
              "name" : "labels-3",
              "specs" : [ {
                "status" : "info",
                "place" : {
                  "filePath" : "mobileRezervacija.gspec",
                  "lineNumber" : 28
                },
                "name" : "width 221px",
                "meta" : [ {
                  "from" : {
                    "object" : "labels-3",
                    "edge" : "left"
                  },
                  "to" : {
                    "object" : "labels-3",
                    "edge" : "right"
                  },
                  "expectedDistance" : "221px",
                  "realDistance" : "221px"
                } ],
                "highlight" : [ "labels-3" ]
              }, {
                "status" : "info",
                "place" : {
                  "filePath" : "mobileRezervacija.gspec",
                  "lineNumber" : 29
                },
                "name" : "height 18px",
                "meta" : [ {
                  "from" : {
                    "object" : "labels-3",
                    "edge" : "top"
                  },
                  "to" : {
                    "object" : "labels-3",
                    "edge" : "bottom"
                  },
                  "expectedDistance" : "18px",
                  "realDistance" : "18px"
                } ],
                "highlight" : [ "labels-3" ]
              }, {
                "status" : "info",
                "place" : {
                  "filePath" : "mobileRezervacija.gspec",
                  "lineNumber" : 30
                },
                "name" : "above inputs-2 11px",
                "meta" : [ {
                  "from" : {
                    "object" : "labels-3",
                    "edge" : "bottom"
                  },
                  "to" : {
                    "object" : "inputs-2",
                    "edge" : "top"
                  },
                  "expectedDistance" : "11px",
                  "realDistance" : "11px"
                } ],
                "highlight" : [ "labels-3", "inputs-2" ]
              }, {
                "status" : "info",
                "place" : {
                  "filePath" : "mobileRezervacija.gspec",
                  "lineNumber" : 31
                },
                "name" : "below inputs-1 18px",
                "meta" : [ {
                  "from" : {
                    "object" : "labels-3",
                    "edge" : "top"
                  },
                  "to" : {
                    "object" : "inputs-1",
                    "edge" : "bottom"
                  },
                  "expectedDistance" : "18px",
                  "realDistance" : "18px"
                } ],
                "highlight" : [ "labels-3", "inputs-1" ]
              }, {
                "status" : "info",
                "place" : {
                  "filePath" : "mobileRezervacija.gspec",
                  "lineNumber" : 32
                },
                "name" : "right-of formaZaUnos -245px",
                "meta" : [ {
                  "from" : {
                    "object" : "labels-3",
                    "edge" : "left"
                  },
                  "to" : {
                    "object" : "formaZaUnos",
                    "edge" : "right"
                  },
                  "expectedDistance" : "-245px",
                  "realDistance" : "-245px"
                } ],
                "highlight" : [ "labels-3", "formaZaUnos" ]
              } ]
            }, {
              "name" : "listaSala",
              "specs" : [ {
                "status" : "info",
                "place" : {
                  "filePath" : "mobileRezervacija.gspec",
                  "lineNumber" : 35
                },
                "name" : "width 110px",
                "meta" : [ {
                  "from" : {
                    "object" : "listaSala",
                    "edge" : "left"
                  },
                  "to" : {
                    "object" : "listaSala",
                    "edge" : "right"
                  },
                  "expectedDistance" : "110px",
                  "realDistance" : "110px"
                } ],
                "highlight" : [ "listaSala" ]
              }, {
                "status" : "info",
                "place" : {
                  "filePath" : "mobileRezervacija.gspec",
                  "lineNumber" : 36
                },
                "name" : "height 18px",
                "meta" : [ {
                  "from" : {
                    "object" : "listaSala",
                    "edge" : "top"
                  },
                  "to" : {
                    "object" : "listaSala",
                    "edge" : "bottom"
                  },
                  "expectedDistance" : "18px",
                  "realDistance" : "18px"
                } ],
                "highlight" : [ "listaSala" ]
              }, {
                "status" : "info",
                "place" : {
                  "filePath" : "mobileRezervacija.gspec",
                  "lineNumber" : 37
                },
                "name" : "below labels-1 11px",
                "meta" : [ {
                  "from" : {
                    "object" : "listaSala",
                    "edge" : "top"
                  },
                  "to" : {
                    "object" : "labels-1",
                    "edge" : "bottom"
                  },
                  "expectedDistance" : "11px",
                  "realDistance" : "11px"
                } ],
                "highlight" : [ "listaSala", "labels-1" ]
              }, {
                "status" : "info",
                "place" : {
                  "filePath" : "mobileRezervacija.gspec",
                  "lineNumber" : 38
                },
                "name" : "above labels-2 18px",
                "meta" : [ {
                  "from" : {
                    "object" : "listaSala",
                    "edge" : "bottom"
                  },
                  "to" : {
                    "object" : "labels-2",
                    "edge" : "top"
                  },
                  "expectedDistance" : "18px",
                  "realDistance" : "18px"
                } ],
                "highlight" : [ "listaSala", "labels-2" ]
              }, {
                "status" : "info",
                "place" : {
                  "filePath" : "mobileRezervacija.gspec",
                  "lineNumber" : 39
                },
                "name" : "right-of formaZaUnos -245px",
                "meta" : [ {
                  "from" : {
                    "object" : "listaSala",
                    "edge" : "left"
                  },
                  "to" : {
                    "object" : "formaZaUnos",
                    "edge" : "right"
                  },
                  "expectedDistance" : "-245px",
                  "realDistance" : "-245px"
                } ],
                "highlight" : [ "listaSala", "formaZaUnos" ]
              } ]
            }, {
              "name" : "inputs-1",
              "specs" : [ {
                "status" : "info",
                "place" : {
                  "filePath" : "mobileRezervacija.gspec",
                  "lineNumber" : 42
                },
                "name" : "width 155px",
                "meta" : [ {
                  "from" : {
                    "object" : "inputs-1",
                    "edge" : "left"
                  },
                  "to" : {
                    "object" : "inputs-1",
                    "edge" : "right"
                  },
                  "expectedDistance" : "155px",
                  "realDistance" : "155px"
                } ],
                "highlight" : [ "inputs-1" ]
              }, {
                "status" : "info",
                "place" : {
                  "filePath" : "mobileRezervacija.gspec",
                  "lineNumber" : 43
                },
                "name" : "height 18px",
                "meta" : [ {
                  "from" : {
                    "object" : "inputs-1",
                    "edge" : "top"
                  },
                  "to" : {
                    "object" : "inputs-1",
                    "edge" : "bottom"
                  },
                  "expectedDistance" : "18px",
                  "realDistance" : "18px"
                } ],
                "highlight" : [ "inputs-1" ]
              }, {
                "status" : "info",
                "place" : {
                  "filePath" : "mobileRezervacija.gspec",
                  "lineNumber" : 44
                },
                "name" : "below labels-2 11px",
                "meta" : [ {
                  "from" : {
                    "object" : "inputs-1",
                    "edge" : "top"
                  },
                  "to" : {
                    "object" : "labels-2",
                    "edge" : "bottom"
                  },
                  "expectedDistance" : "11px",
                  "realDistance" : "11px"
                } ],
                "highlight" : [ "inputs-1", "labels-2" ]
              }, {
                "status" : "info",
                "place" : {
                  "filePath" : "mobileRezervacija.gspec",
                  "lineNumber" : 45
                },
                "name" : "above labels-3 18px",
                "meta" : [ {
                  "from" : {
                    "object" : "inputs-1",
                    "edge" : "bottom"
                  },
                  "to" : {
                    "object" : "labels-3",
                    "edge" : "top"
                  },
                  "expectedDistance" : "18px",
                  "realDistance" : "18px"
                } ],
                "highlight" : [ "inputs-1", "labels-3" ]
              }, {
                "status" : "info",
                "place" : {
                  "filePath" : "mobileRezervacija.gspec",
                  "lineNumber" : 46
                },
                "name" : "right-of formaZaUnos -245px",
                "meta" : [ {
                  "from" : {
                    "object" : "inputs-1",
                    "edge" : "left"
                  },
                  "to" : {
                    "object" : "formaZaUnos",
                    "edge" : "right"
                  },
                  "expectedDistance" : "-245px",
                  "realDistance" : "-245px"
                } ],
                "highlight" : [ "inputs-1", "formaZaUnos" ]
              } ]
            }, {
              "name" : "inputs-2",
              "specs" : [ {
                "status" : "info",
                "place" : {
                  "filePath" : "mobileRezervacija.gspec",
                  "lineNumber" : 49
                },
                "name" : "width 155px",
                "meta" : [ {
                  "from" : {
                    "object" : "inputs-2",
                    "edge" : "left"
                  },
                  "to" : {
                    "object" : "inputs-2",
                    "edge" : "right"
                  },
                  "expectedDistance" : "155px",
                  "realDistance" : "155px"
                } ],
                "highlight" : [ "inputs-2" ]
              }, {
                "status" : "info",
                "place" : {
                  "filePath" : "mobileRezervacija.gspec",
                  "lineNumber" : 50
                },
                "name" : "height 18px",
                "meta" : [ {
                  "from" : {
                    "object" : "inputs-2",
                    "edge" : "top"
                  },
                  "to" : {
                    "object" : "inputs-2",
                    "edge" : "bottom"
                  },
                  "expectedDistance" : "18px",
                  "realDistance" : "18px"
                } ],
                "highlight" : [ "inputs-2" ]
              }, {
                "status" : "info",
                "place" : {
                  "filePath" : "mobileRezervacija.gspec",
                  "lineNumber" : 51
                },
                "name" : "below labels-3 11px",
                "meta" : [ {
                  "from" : {
                    "object" : "inputs-2",
                    "edge" : "top"
                  },
                  "to" : {
                    "object" : "labels-3",
                    "edge" : "bottom"
                  },
                  "expectedDistance" : "11px",
                  "realDistance" : "11px"
                } ],
                "highlight" : [ "inputs-2", "labels-3" ]
              }, {
                "status" : "info",
                "place" : {
                  "filePath" : "mobileRezervacija.gspec",
                  "lineNumber" : 52
                },
                "name" : "above inputs-3 29px",
                "meta" : [ {
                  "from" : {
                    "object" : "inputs-2",
                    "edge" : "bottom"
                  },
                  "to" : {
                    "object" : "inputs-3",
                    "edge" : "top"
                  },
                  "expectedDistance" : "29px",
                  "realDistance" : "29px"
                } ],
                "highlight" : [ "inputs-2", "inputs-3" ]
              }, {
                "status" : "info",
                "place" : {
                  "filePath" : "mobileRezervacija.gspec",
                  "lineNumber" : 53
                },
                "name" : "right-of formaZaUnos -245px",
                "meta" : [ {
                  "from" : {
                    "object" : "inputs-2",
                    "edge" : "left"
                  },
                  "to" : {
                    "object" : "formaZaUnos",
                    "edge" : "right"
                  },
                  "expectedDistance" : "-245px",
                  "realDistance" : "-245px"
                } ],
                "highlight" : [ "inputs-2", "formaZaUnos" ]
              } ]
            }, {
              "name" : "inputs-3",
              "specs" : [ {
                "status" : "info",
                "place" : {
                  "filePath" : "mobileRezervacija.gspec",
                  "lineNumber" : 56
                },
                "name" : "width 13px",
                "meta" : [ {
                  "from" : {
                    "object" : "inputs-3",
                    "edge" : "left"
                  },
                  "to" : {
                    "object" : "inputs-3",
                    "edge" : "right"
                  },
                  "expectedDistance" : "13px",
                  "realDistance" : "13px"
                } ],
                "highlight" : [ "inputs-3" ]
              }, {
                "status" : "info",
                "place" : {
                  "filePath" : "mobileRezervacija.gspec",
                  "lineNumber" : 57
                },
                "name" : "height 13px",
                "meta" : [ {
                  "from" : {
                    "object" : "inputs-3",
                    "edge" : "top"
                  },
                  "to" : {
                    "object" : "inputs-3",
                    "edge" : "bottom"
                  },
                  "expectedDistance" : "13px",
                  "realDistance" : "13px"
                } ],
                "highlight" : [ "inputs-3" ]
              }, {
                "status" : "info",
                "place" : {
                  "filePath" : "mobileRezervacija.gspec",
                  "lineNumber" : 58
                },
                "name" : "below inputs-2 29px",
                "meta" : [ {
                  "from" : {
                    "object" : "inputs-3",
                    "edge" : "top"
                  },
                  "to" : {
                    "object" : "inputs-2",
                    "edge" : "bottom"
                  },
                  "expectedDistance" : "29px",
                  "realDistance" : "29px"
                } ],
                "highlight" : [ "inputs-3", "inputs-2" ]
              }, {
                "status" : "info",
                "place" : {
                  "filePath" : "mobileRezervacija.gspec",
                  "lineNumber" : 59
                },
                "name" : "right-of formaZaUnos -245px",
                "meta" : [ {
                  "from" : {
                    "object" : "inputs-3",
                    "edge" : "left"
                  },
                  "to" : {
                    "object" : "formaZaUnos",
                    "edge" : "right"
                  },
                  "expectedDistance" : "-245px",
                  "realDistance" : "-245px"
                } ],
                "highlight" : [ "inputs-3", "formaZaUnos" ]
              } ]
            }, {
              "name" : "kalendar",
              "specs" : [ {
                "status" : "info",
                "place" : {
                  "filePath" : "mobileRezervacija.gspec",
                  "lineNumber" : 62
                },
                "name" : "below formaZaUnos 48 to 50px",
                "meta" : [ {
                  "from" : {
                    "object" : "kalendar",
                    "edge" : "top"
                  },
                  "to" : {
                    "object" : "formaZaUnos",
                    "edge" : "bottom"
                  },
                  "expectedDistance" : "48 to 50px",
                  "realDistance" : "49px"
                } ],
                "highlight" : [ "kalendar", "formaZaUnos" ]
              }, {
                "status" : "info",
                "place" : {
                  "filePath" : "mobileRezervacija.gspec",
                  "lineNumber" : 63
                },
                "name" : "right-of viewport -530px",
                "meta" : [ {
                  "from" : {
                    "object" : "kalendar",
                    "edge" : "left"
                  },
                  "to" : {
                    "object" : "viewport",
                    "edge" : "right"
                  },
                  "expectedDistance" : "-530px",
                  "realDistance" : "-530px"
                } ],
                "highlight" : [ "kalendar", "viewport" ]
              }, {
                "status" : "info",
                "place" : {
                  "filePath" : "mobileRezervacija.gspec",
                  "lineNumber" : 64
                },
                "name" : "width 471px",
                "meta" : [ {
                  "from" : {
                    "object" : "kalendar",
                    "edge" : "left"
                  },
                  "to" : {
                    "object" : "kalendar",
                    "edge" : "right"
                  },
                  "expectedDistance" : "471px",
                  "realDistance" : "471px"
                } ],
                "highlight" : [ "kalendar" ]
              }, {
                "status" : "info",
                "place" : {
                  "filePath" : "mobileRezervacija.gspec",
                  "lineNumber" : 65
                },
                "name" : "height 456px",
                "meta" : [ {
                  "from" : {
                    "object" : "kalendar",
                    "edge" : "top"
                  },
                  "to" : {
                    "object" : "kalendar",
                    "edge" : "bottom"
                  },
                  "expectedDistance" : "456px",
                  "realDistance" : "456px"
                } ],
                "highlight" : [ "kalendar" ]
              } ]
            } ]
          } ],
          "objects" : {
            "inputs-2" : {
              "area" : [ 213, 502, 155, 18 ]
            },
            "formaZaUnos" : {
              "area" : [ 128, 319, 330, 280 ]
            },
            "listaSala" : {
              "area" : [ 213, 372, 110, 18 ]
            },
            "inputs-3" : {
              "area" : [ 213, 549, 13, 13 ]
            },
            "inputs-1" : {
              "area" : [ 213, 437, 155, 18 ]
            },
            "viewport" : {
              "area" : [ 0, 0, 588, 1319 ]
            },
            "labels-1" : {
              "area" : [ 213, 343, 221, 18 ]
            },
            "labels-2" : {
              "area" : [ 213, 408, 221, 18 ]
            },
            "labels-3" : {
              "area" : [ 213, 473, 221, 18 ]
            },
            "kalendar" : {
              "area" : [ 58, 648, 471, 456 ]
            }
          },
          "screenshot" : "layout-1-screenshot.png",
          "type" : "layout"
        } ],
        "time" : 1573645313813,
        "type" : "node"
      } ],
      "time" : 1573645306779,
      "type" : "node"
    } ]
  }
}