{
  "testId" : "1-pocetna.gspec",
  "name" : "pocetna.gspec",
  "report" : {
    "nodes" : [ {
      "name" : "Simple check",
      "status" : "info",
      "nodes" : [ {
        "name" : "check  pocetna.gspec --url http://localhost/pocetna.html --size 1583x1400 --htmlreport reports/pocetna",
        "status" : "info",
        "nodes" : [ {
          "name" : "Check layout: pocetna.gspec included tags: ",
          "status" : "info",
          "time" : 1573645115520,
          "sections" : [ {
            "name" : "slike",
            "place" : {
              "filePath" : "pocetna.gspec",
              "lineNumber" : 4
            },
            "objects" : [ {
              "name" : "images-1",
              "specs" : [ {
                "status" : "info",
                "place" : {
                  "filePath" : "pocetna.gspec",
                  "lineNumber" : 6
                },
                "name" : "aligned horizontally all images-2",
                "highlight" : [ "images-1", "images-2" ]
              }, {
                "status" : "info",
                "place" : {
                  "filePath" : "pocetna.gspec",
                  "lineNumber" : 7
                },
                "name" : "aligned horizontally all images-3",
                "highlight" : [ "images-1", "images-3" ]
              }, {
                "status" : "info",
                "place" : {
                  "filePath" : "pocetna.gspec",
                  "lineNumber" : 8
                },
                "name" : "aligned vertically all images-4",
                "highlight" : [ "images-1", "images-4" ]
              }, {
                "status" : "info",
                "place" : {
                  "filePath" : "pocetna.gspec",
                  "lineNumber" : 9
                },
                "name" : "aligned vertically all images-7",
                "highlight" : [ "images-1", "images-7" ]
              }, {
                "status" : "info",
                "place" : {
                  "filePath" : "pocetna.gspec",
                  "lineNumber" : 10
                },
                "name" : "aligned vertically all images-10",
                "highlight" : [ "images-1", "images-10" ]
              }, {
                "status" : "info",
                "place" : {
                  "filePath" : "pocetna.gspec",
                  "lineNumber" : 11
                },
                "name" : "height 200px",
                "meta" : [ {
                  "from" : {
                    "object" : "images-1",
                    "edge" : "top"
                  },
                  "to" : {
                    "object" : "images-1",
                    "edge" : "bottom"
                  },
                  "expectedDistance" : "200px",
                  "realDistance" : "200px"
                } ],
                "highlight" : [ "images-1" ]
              }, {
                "status" : "info",
                "place" : {
                  "filePath" : "pocetna.gspec",
                  "lineNumber" : 12
                },
                "name" : "width 300px",
                "meta" : [ {
                  "from" : {
                    "object" : "images-1",
                    "edge" : "left"
                  },
                  "to" : {
                    "object" : "images-1",
                    "edge" : "right"
                  },
                  "expectedDistance" : "300px",
                  "realDistance" : "300px"
                } ],
                "highlight" : [ "images-1" ]
              } ]
            }, {
              "name" : "images-2",
              "specs" : [ {
                "status" : "info",
                "place" : {
                  "filePath" : "pocetna.gspec",
                  "lineNumber" : 15
                },
                "name" : "aligned horizontally all images-1",
                "highlight" : [ "images-2", "images-1" ]
              }, {
                "status" : "info",
                "place" : {
                  "filePath" : "pocetna.gspec",
                  "lineNumber" : 16
                },
                "name" : "aligned horizontally all images-3",
                "highlight" : [ "images-2", "images-3" ]
              }, {
                "status" : "info",
                "place" : {
                  "filePath" : "pocetna.gspec",
                  "lineNumber" : 17
                },
                "name" : "aligned vertically all images-5",
                "highlight" : [ "images-2", "images-5" ]
              }, {
                "status" : "info",
                "place" : {
                  "filePath" : "pocetna.gspec",
                  "lineNumber" : 18
                },
                "name" : "aligned vertically all images-8",
                "highlight" : [ "images-2", "images-8" ]
              }, {
                "status" : "info",
                "place" : {
                  "filePath" : "pocetna.gspec",
                  "lineNumber" : 19
                },
                "name" : "height 200px",
                "meta" : [ {
                  "from" : {
                    "object" : "images-2",
                    "edge" : "top"
                  },
                  "to" : {
                    "object" : "images-2",
                    "edge" : "bottom"
                  },
                  "expectedDistance" : "200px",
                  "realDistance" : "200px"
                } ],
                "highlight" : [ "images-2" ]
              }, {
                "status" : "info",
                "place" : {
                  "filePath" : "pocetna.gspec",
                  "lineNumber" : 20
                },
                "name" : "width 300px",
                "meta" : [ {
                  "from" : {
                    "object" : "images-2",
                    "edge" : "left"
                  },
                  "to" : {
                    "object" : "images-2",
                    "edge" : "right"
                  },
                  "expectedDistance" : "300px",
                  "realDistance" : "300px"
                } ],
                "highlight" : [ "images-2" ]
              } ]
            }, {
              "name" : "images-3",
              "specs" : [ {
                "status" : "info",
                "place" : {
                  "filePath" : "pocetna.gspec",
                  "lineNumber" : 23
                },
                "name" : "aligned horizontally all images-1",
                "highlight" : [ "images-3", "images-1" ]
              }, {
                "status" : "info",
                "place" : {
                  "filePath" : "pocetna.gspec",
                  "lineNumber" : 24
                },
                "name" : "aligned horizontally all images-2",
                "highlight" : [ "images-3", "images-2" ]
              }, {
                "status" : "info",
                "place" : {
                  "filePath" : "pocetna.gspec",
                  "lineNumber" : 25
                },
                "name" : "aligned vertically all images-6",
                "highlight" : [ "images-3", "images-6" ]
              }, {
                "status" : "info",
                "place" : {
                  "filePath" : "pocetna.gspec",
                  "lineNumber" : 26
                },
                "name" : "aligned vertically all images-9",
                "highlight" : [ "images-3", "images-9" ]
              }, {
                "status" : "info",
                "place" : {
                  "filePath" : "pocetna.gspec",
                  "lineNumber" : 27
                },
                "name" : "height 200px",
                "meta" : [ {
                  "from" : {
                    "object" : "images-3",
                    "edge" : "top"
                  },
                  "to" : {
                    "object" : "images-3",
                    "edge" : "bottom"
                  },
                  "expectedDistance" : "200px",
                  "realDistance" : "200px"
                } ],
                "highlight" : [ "images-3" ]
              }, {
                "status" : "info",
                "place" : {
                  "filePath" : "pocetna.gspec",
                  "lineNumber" : 28
                },
                "name" : "width 300px",
                "meta" : [ {
                  "from" : {
                    "object" : "images-3",
                    "edge" : "left"
                  },
                  "to" : {
                    "object" : "images-3",
                    "edge" : "right"
                  },
                  "expectedDistance" : "300px",
                  "realDistance" : "300px"
                } ],
                "highlight" : [ "images-3" ]
              } ]
            }, {
              "name" : "images-4",
              "specs" : [ {
                "status" : "info",
                "place" : {
                  "filePath" : "pocetna.gspec",
                  "lineNumber" : 31
                },
                "name" : "aligned horizontally all images-5",
                "highlight" : [ "images-4", "images-5" ]
              }, {
                "status" : "info",
                "place" : {
                  "filePath" : "pocetna.gspec",
                  "lineNumber" : 32
                },
                "name" : "aligned horizontally all images-6",
                "highlight" : [ "images-4", "images-6" ]
              }, {
                "status" : "info",
                "place" : {
                  "filePath" : "pocetna.gspec",
                  "lineNumber" : 33
                },
                "name" : "aligned vertically all images-1",
                "highlight" : [ "images-4", "images-1" ]
              }, {
                "status" : "info",
                "place" : {
                  "filePath" : "pocetna.gspec",
                  "lineNumber" : 34
                },
                "name" : "aligned vertically all images-7",
                "highlight" : [ "images-4", "images-7" ]
              }, {
                "status" : "info",
                "place" : {
                  "filePath" : "pocetna.gspec",
                  "lineNumber" : 35
                },
                "name" : "aligned vertically all images-10",
                "highlight" : [ "images-4", "images-10" ]
              }, {
                "status" : "info",
                "place" : {
                  "filePath" : "pocetna.gspec",
                  "lineNumber" : 36
                },
                "name" : "height 200px",
                "meta" : [ {
                  "from" : {
                    "object" : "images-4",
                    "edge" : "top"
                  },
                  "to" : {
                    "object" : "images-4",
                    "edge" : "bottom"
                  },
                  "expectedDistance" : "200px",
                  "realDistance" : "200px"
                } ],
                "highlight" : [ "images-4" ]
              }, {
                "status" : "info",
                "place" : {
                  "filePath" : "pocetna.gspec",
                  "lineNumber" : 37
                },
                "name" : "width 300px",
                "meta" : [ {
                  "from" : {
                    "object" : "images-4",
                    "edge" : "left"
                  },
                  "to" : {
                    "object" : "images-4",
                    "edge" : "right"
                  },
                  "expectedDistance" : "300px",
                  "realDistance" : "300px"
                } ],
                "highlight" : [ "images-4" ]
              } ]
            }, {
              "name" : "images-5",
              "specs" : [ {
                "status" : "info",
                "place" : {
                  "filePath" : "pocetna.gspec",
                  "lineNumber" : 40
                },
                "name" : "aligned horizontally all images-4",
                "highlight" : [ "images-5", "images-4" ]
              }, {
                "status" : "info",
                "place" : {
                  "filePath" : "pocetna.gspec",
                  "lineNumber" : 41
                },
                "name" : "aligned horizontally all images-6",
                "highlight" : [ "images-5", "images-6" ]
              }, {
                "status" : "info",
                "place" : {
                  "filePath" : "pocetna.gspec",
                  "lineNumber" : 42
                },
                "name" : "aligned vertically all images-2",
                "highlight" : [ "images-5", "images-2" ]
              }, {
                "status" : "info",
                "place" : {
                  "filePath" : "pocetna.gspec",
                  "lineNumber" : 43
                },
                "name" : "aligned vertically all images-8",
                "highlight" : [ "images-5", "images-8" ]
              }, {
                "status" : "info",
                "place" : {
                  "filePath" : "pocetna.gspec",
                  "lineNumber" : 44
                },
                "name" : "height 200px",
                "meta" : [ {
                  "from" : {
                    "object" : "images-5",
                    "edge" : "top"
                  },
                  "to" : {
                    "object" : "images-5",
                    "edge" : "bottom"
                  },
                  "expectedDistance" : "200px",
                  "realDistance" : "200px"
                } ],
                "highlight" : [ "images-5" ]
              }, {
                "status" : "info",
                "place" : {
                  "filePath" : "pocetna.gspec",
                  "lineNumber" : 45
                },
                "name" : "width 300px",
                "meta" : [ {
                  "from" : {
                    "object" : "images-5",
                    "edge" : "left"
                  },
                  "to" : {
                    "object" : "images-5",
                    "edge" : "right"
                  },
                  "expectedDistance" : "300px",
                  "realDistance" : "300px"
                } ],
                "highlight" : [ "images-5" ]
              } ]
            }, {
              "name" : "images-6",
              "specs" : [ {
                "status" : "info",
                "place" : {
                  "filePath" : "pocetna.gspec",
                  "lineNumber" : 48
                },
                "name" : "aligned horizontally all images-4",
                "highlight" : [ "images-6", "images-4" ]
              }, {
                "status" : "info",
                "place" : {
                  "filePath" : "pocetna.gspec",
                  "lineNumber" : 49
                },
                "name" : "aligned horizontally all images-5",
                "highlight" : [ "images-6", "images-5" ]
              }, {
                "status" : "info",
                "place" : {
                  "filePath" : "pocetna.gspec",
                  "lineNumber" : 50
                },
                "name" : "aligned vertically all images-3",
                "highlight" : [ "images-6", "images-3" ]
              }, {
                "status" : "info",
                "place" : {
                  "filePath" : "pocetna.gspec",
                  "lineNumber" : 51
                },
                "name" : "aligned vertically all images-9",
                "highlight" : [ "images-6", "images-9" ]
              }, {
                "status" : "info",
                "place" : {
                  "filePath" : "pocetna.gspec",
                  "lineNumber" : 52
                },
                "name" : "height 200px",
                "meta" : [ {
                  "from" : {
                    "object" : "images-6",
                    "edge" : "top"
                  },
                  "to" : {
                    "object" : "images-6",
                    "edge" : "bottom"
                  },
                  "expectedDistance" : "200px",
                  "realDistance" : "200px"
                } ],
                "highlight" : [ "images-6" ]
              }, {
                "status" : "info",
                "place" : {
                  "filePath" : "pocetna.gspec",
                  "lineNumber" : 53
                },
                "name" : "width 300px",
                "meta" : [ {
                  "from" : {
                    "object" : "images-6",
                    "edge" : "left"
                  },
                  "to" : {
                    "object" : "images-6",
                    "edge" : "right"
                  },
                  "expectedDistance" : "300px",
                  "realDistance" : "300px"
                } ],
                "highlight" : [ "images-6" ]
              } ]
            }, {
              "name" : "images-7",
              "specs" : [ {
                "status" : "info",
                "place" : {
                  "filePath" : "pocetna.gspec",
                  "lineNumber" : 56
                },
                "name" : "aligned horizontally all images-8",
                "highlight" : [ "images-7", "images-8" ]
              }, {
                "status" : "info",
                "place" : {
                  "filePath" : "pocetna.gspec",
                  "lineNumber" : 57
                },
                "name" : "aligned horizontally all images-9",
                "highlight" : [ "images-7", "images-9" ]
              }, {
                "status" : "info",
                "place" : {
                  "filePath" : "pocetna.gspec",
                  "lineNumber" : 58
                },
                "name" : "aligned vertically all images-1",
                "highlight" : [ "images-7", "images-1" ]
              }, {
                "status" : "info",
                "place" : {
                  "filePath" : "pocetna.gspec",
                  "lineNumber" : 59
                },
                "name" : "aligned vertically all images-4",
                "highlight" : [ "images-7", "images-4" ]
              }, {
                "status" : "info",
                "place" : {
                  "filePath" : "pocetna.gspec",
                  "lineNumber" : 60
                },
                "name" : "aligned vertically all images-10",
                "highlight" : [ "images-7", "images-10" ]
              }, {
                "status" : "info",
                "place" : {
                  "filePath" : "pocetna.gspec",
                  "lineNumber" : 61
                },
                "name" : "height 200px",
                "meta" : [ {
                  "from" : {
                    "object" : "images-7",
                    "edge" : "top"
                  },
                  "to" : {
                    "object" : "images-7",
                    "edge" : "bottom"
                  },
                  "expectedDistance" : "200px",
                  "realDistance" : "200px"
                } ],
                "highlight" : [ "images-7" ]
              }, {
                "status" : "info",
                "place" : {
                  "filePath" : "pocetna.gspec",
                  "lineNumber" : 62
                },
                "name" : "width 300px",
                "meta" : [ {
                  "from" : {
                    "object" : "images-7",
                    "edge" : "left"
                  },
                  "to" : {
                    "object" : "images-7",
                    "edge" : "right"
                  },
                  "expectedDistance" : "300px",
                  "realDistance" : "300px"
                } ],
                "highlight" : [ "images-7" ]
              } ]
            }, {
              "name" : "images-8",
              "specs" : [ {
                "status" : "info",
                "place" : {
                  "filePath" : "pocetna.gspec",
                  "lineNumber" : 65
                },
                "name" : "aligned horizontally all images-7",
                "highlight" : [ "images-8", "images-7" ]
              }, {
                "status" : "info",
                "place" : {
                  "filePath" : "pocetna.gspec",
                  "lineNumber" : 66
                },
                "name" : "aligned horizontally all images-9",
                "highlight" : [ "images-8", "images-9" ]
              }, {
                "status" : "info",
                "place" : {
                  "filePath" : "pocetna.gspec",
                  "lineNumber" : 67
                },
                "name" : "aligned vertically all images-2",
                "highlight" : [ "images-8", "images-2" ]
              }, {
                "status" : "info",
                "place" : {
                  "filePath" : "pocetna.gspec",
                  "lineNumber" : 68
                },
                "name" : "aligned vertically all images-5",
                "highlight" : [ "images-8", "images-5" ]
              }, {
                "status" : "info",
                "place" : {
                  "filePath" : "pocetna.gspec",
                  "lineNumber" : 69
                },
                "name" : "height 200px",
                "meta" : [ {
                  "from" : {
                    "object" : "images-8",
                    "edge" : "top"
                  },
                  "to" : {
                    "object" : "images-8",
                    "edge" : "bottom"
                  },
                  "expectedDistance" : "200px",
                  "realDistance" : "200px"
                } ],
                "highlight" : [ "images-8" ]
              }, {
                "status" : "info",
                "place" : {
                  "filePath" : "pocetna.gspec",
                  "lineNumber" : 70
                },
                "name" : "width 300px",
                "meta" : [ {
                  "from" : {
                    "object" : "images-8",
                    "edge" : "left"
                  },
                  "to" : {
                    "object" : "images-8",
                    "edge" : "right"
                  },
                  "expectedDistance" : "300px",
                  "realDistance" : "300px"
                } ],
                "highlight" : [ "images-8" ]
              } ]
            }, {
              "name" : "images-9",
              "specs" : [ {
                "status" : "info",
                "place" : {
                  "filePath" : "pocetna.gspec",
                  "lineNumber" : 73
                },
                "name" : "aligned horizontally all images-7",
                "highlight" : [ "images-9", "images-7" ]
              }, {
                "status" : "info",
                "place" : {
                  "filePath" : "pocetna.gspec",
                  "lineNumber" : 74
                },
                "name" : "aligned horizontally all images-8",
                "highlight" : [ "images-9", "images-8" ]
              }, {
                "status" : "info",
                "place" : {
                  "filePath" : "pocetna.gspec",
                  "lineNumber" : 75
                },
                "name" : "aligned vertically all images-3",
                "highlight" : [ "images-9", "images-3" ]
              }, {
                "status" : "info",
                "place" : {
                  "filePath" : "pocetna.gspec",
                  "lineNumber" : 76
                },
                "name" : "aligned vertically all images-6",
                "highlight" : [ "images-9", "images-6" ]
              }, {
                "status" : "info",
                "place" : {
                  "filePath" : "pocetna.gspec",
                  "lineNumber" : 77
                },
                "name" : "height 200px",
                "meta" : [ {
                  "from" : {
                    "object" : "images-9",
                    "edge" : "top"
                  },
                  "to" : {
                    "object" : "images-9",
                    "edge" : "bottom"
                  },
                  "expectedDistance" : "200px",
                  "realDistance" : "200px"
                } ],
                "highlight" : [ "images-9" ]
              }, {
                "status" : "info",
                "place" : {
                  "filePath" : "pocetna.gspec",
                  "lineNumber" : 78
                },
                "name" : "width 300px",
                "meta" : [ {
                  "from" : {
                    "object" : "images-9",
                    "edge" : "left"
                  },
                  "to" : {
                    "object" : "images-9",
                    "edge" : "right"
                  },
                  "expectedDistance" : "300px",
                  "realDistance" : "300px"
                } ],
                "highlight" : [ "images-9" ]
              } ]
            }, {
              "name" : "images-10",
              "specs" : [ {
                "status" : "info",
                "place" : {
                  "filePath" : "pocetna.gspec",
                  "lineNumber" : 81
                },
                "name" : "aligned vertically all images-1",
                "highlight" : [ "images-10", "images-1" ]
              }, {
                "status" : "info",
                "place" : {
                  "filePath" : "pocetna.gspec",
                  "lineNumber" : 82
                },
                "name" : "aligned vertically all images-4",
                "highlight" : [ "images-10", "images-4" ]
              }, {
                "status" : "info",
                "place" : {
                  "filePath" : "pocetna.gspec",
                  "lineNumber" : 83
                },
                "name" : "aligned vertically all images-7",
                "highlight" : [ "images-10", "images-7" ]
              }, {
                "status" : "info",
                "place" : {
                  "filePath" : "pocetna.gspec",
                  "lineNumber" : 84
                },
                "name" : "height 200px",
                "meta" : [ {
                  "from" : {
                    "object" : "images-10",
                    "edge" : "top"
                  },
                  "to" : {
                    "object" : "images-10",
                    "edge" : "bottom"
                  },
                  "expectedDistance" : "200px",
                  "realDistance" : "200px"
                } ],
                "highlight" : [ "images-10" ]
              }, {
                "status" : "info",
                "place" : {
                  "filePath" : "pocetna.gspec",
                  "lineNumber" : 85
                },
                "name" : "width 300px",
                "meta" : [ {
                  "from" : {
                    "object" : "images-10",
                    "edge" : "left"
                  },
                  "to" : {
                    "object" : "images-10",
                    "edge" : "right"
                  },
                  "expectedDistance" : "300px",
                  "realDistance" : "300px"
                } ],
                "highlight" : [ "images-10" ]
              }, {
                "status" : "info",
                "place" : {
                  "filePath" : "pocetna.gspec",
                  "lineNumber" : 86
                },
                "name" : "below images-7 0px",
                "meta" : [ {
                  "from" : {
                    "object" : "images-10",
                    "edge" : "top"
                  },
                  "to" : {
                    "object" : "images-7",
                    "edge" : "bottom"
                  },
                  "expectedDistance" : "0px",
                  "realDistance" : "0px"
                } ],
                "highlight" : [ "images-10", "images-7" ]
              } ]
            } ]
          } ],
          "objects" : {
            "images-8" : {
              "area" : [ 635, 634, 300, 200 ]
            },
            "images-7" : {
              "area" : [ 335, 634, 300, 200 ]
            },
            "images-10" : {
              "area" : [ 335, 834, 300, 200 ]
            },
            "images-6" : {
              "area" : [ 935, 434, 300, 200 ]
            },
            "images-5" : {
              "area" : [ 635, 434, 300, 200 ]
            },
            "images-9" : {
              "area" : [ 935, 634, 300, 200 ]
            },
            "images-4" : {
              "area" : [ 335, 434, 300, 200 ]
            },
            "images-3" : {
              "area" : [ 935, 234, 300, 200 ]
            },
            "images-2" : {
              "area" : [ 635, 234, 300, 200 ]
            },
            "images-1" : {
              "area" : [ 335, 234, 300, 200 ]
            }
          },
          "screenshot" : "layout-1-screenshot.png",
          "type" : "layout"
        } ],
        "time" : 1573645109865,
        "type" : "node"
      } ],
      "time" : 1573645102656,
      "type" : "node"
    } ]
  }
}