{"vanredna":[{"datum":"26.10.2019.","pocetak":"09:00","kraj":"11:00","naziv":"1-09","predavac":"Predavac"},{"datum":"18.10.2019.","pocetak":"09:00","kraj":"11:00","naziv":"1-09","predavac":"Predavac"},{"datum":"10.10.2019.","pocetak":"09:00","kraj":"11:00","naziv":"1-09","predavac":"Predavac"},{"datum":"19.10.2019.","pocetak":"09:00","kraj":"11:00","naziv":"1-09","predavac":"Predavac"},{"datum":"01.10.2019.","pocetak":"09:00","kraj":"11:00","naziv":"1-08","predavac":"Predavac"},{"datum":"09.10.2019.","pocetak":"09:00","kraj":"11:00","naziv":"1-08","predavac":"Predavac"},{"datum":"17.10.2019.","pocetak":"09:00","kraj":"11:00","naziv":"1-08","predavac":"Predavac"},{"datum":"11.10.2019.","pocetak":"09:00","kraj":"11:00","naziv":"1-08","predavac":"Predavac"},{"datum":"05.10.2019.","pocetak":"09:00","kraj":"11:00","naziv":"1-08","predavac":"Predavac"},{"datum":"01.01.2019.","pocetak":"09:00","kraj":"11:00","naziv":"1-08","predavac":"Predavac"},{"datum":"01.05.2019.","pocetak":"10:00","kraj":"11:00","naziv":"1-08","predavac":"Predavac"},{"datum":"04.07.2019.","pocetak":"09:00","kraj":"11:00","naziv":"1-08","predavac":"Predavac"},{"datum":"17.07.2019.","pocetak":"09:00","kraj":"11:00","naziv":"1-08","predavac":"Predavac"},{"datum":"01.08.2019.","pocetak":"01:00","kraj":"02:00","naziv":"1-07","predavac":"Predavac"},{"datum":"07.08.2019.","pocetak":"01:00","kraj":"02:00","naziv":"1-07","predavac":"Predavac"},{"datum":"15.08.2019.","pocetak":"01:00","kraj":"02:00","naziv":"1-07","predavac":"Predavac"},{"datum":"01.08.2019.","pocetak":"10:00","kraj":"11:00","naziv":"1-08","predavac":"Predavac"},{"datum":"09.08.2019.","pocetak":"01:00","kraj":"11:00","naziv":"1-07","predavac":"Predavac"},{"datum":"08.08.2019.","pocetak":"01:00","kraj":"11:00","naziv":"1-07","predavac":"Predavac"},{"datum":"13.08.2019.","pocetak":"01:00","kraj":"02:00","naziv":"1-07","predavac":"Predavac"}],"periodicna":[{"dan":1,"semestar":"zimski","pocetak":"10:00","kraj":"11:00","naziv":"1-09","predavac":"Predavac"},{"dan":6,"semestar":"zimski","pocetak":"09:00","kraj":"11:00","naziv":"1-09","predavac":"Predavac"},{"dan":6,"semestar":"zimski","pocetak":"10:00","kraj":"11:00","naziv":"1-08","predavac":"Predavac"},{"dan":6,"semestar":"ljetni","pocetak":"09:00","kraj":"11:00","naziv":"1-08","predavac":"Predavac"},{"dan":5,"semestar":"ljetni","pocetak":"09:00","kraj":"11:00","naziv":"1-08","predavac":"Predavac"},{"dan":4,"semestar":"ljetni","pocetak":"09:00","kraj":"11:00","naziv":"1-08","predavac":"Predavac"},{"dan":3,"semestar":"ljetni","pocetak":"10:00","kraj":"11:00","naziv":"1-07","predavac":"Predavac"}]}