{
  "objekat": {
    "periodicna": [
      {
        "dan": 1,
        "semestar": "zimski",
        "pocetak": "12:00",
        "kraj": "14:00",
        "naziv": "VA1",
        "predavac": "Vensada"
      },
      {
        "dan": 4,
        "semestar": "ljetni",
        "pocetak": "12:00",
        "kraj": "14:00",
        "naziv": "VA1",
        "predavac": "Vensada"
      },
      {
        "dan": "9",
        "semestar": "zimski",
        "pocetak": "12:00",
        "kraj": "14:00",
        "naziv": "0-08",
        "predavac": "Vensada"
      }
    ],
    "vanredna": [
      {
        "datum": "11.11.2019",
        "pocetak": "12:00",
        "kraj": "14:00",
        "naziv": "VA1",
        "predavac": "Vensada"
      },
      {
        "datum": "12.11.2019",
        "pocetak": "12:00",
        "kraj": "14:00",
        "naziv": "VA2",
        "predavac": "Vensada"
      },
      {
        "datum": "12.12.2019",
        "pocetak": "12:00",
        "kraj": "14:00",
        "naziv": "0-05",
        "predavac": "Vensada"
      }
    ]
  }
}