{
	"vanredna": [
		{
			"datum": "07-16-2019",
			"pocetak": "08:00",
			"kraj": "09:30",
			"naziv": "VA",
			"predavac": "Sabko Sabkovic"
		},
		{
			"datum": "2019-11-6",
			"pocetak": "08:30",
			"kraj": "10:30",
			"naziv": "VA",
			"predavac": "Huga Buga"
		},
		{
			"datum": "2019-11-14",
			"pocetak": "20:00",
			"kraj": "22:00",
			"naziv": "VA",
			"predavac": "Huga Buga"
		},
		{
			"datum": "2019-11-21",
			"pocetak": "21:00",
			"kraj": "22:00",
			"naziv": "VA",
			"predavac": "Huga Buga"
		},
		{
			"datum": "2019-11-9",
			"pocetak": "21:00",
			"kraj": "22:00",
			"naziv": "VA",
			"predavac": "Huga Buga"
		},
		{
			"datum": "2019-11-19",
			"pocetak": "20:00",
			"kraj": "22:00",
			"naziv": "VA",
			"predavac": "Huga Buga"
		},
		{
			"datum": "2019-11-6",
			"pocetak": "18:00",
			"kraj": "20:00",
			"naziv": "VA",
			"predavac": "Huga Buga"
		},
		{
			"datum": "2019-11-15",
			"pocetak": "18:00",
			"kraj": "20:00",
			"naziv": "VA",
			"predavac": "Huga Buga"
		},
		{
			"datum": "2019-11-8",
			"pocetak": "18:00",
			"kraj": "20:00",
			"naziv": "VA",
			"predavac": "Huga Buga"
		},
		{
			"datum": "2019-11-16",
			"pocetak": "08:30",
			"kraj": "10:30",
			"naziv": "VA",
			"predavac": "Huga Buga"
		},
		{
			"datum": "2019-11-21",
			"pocetak": "08:30",
			"kraj": "10:00",
			"naziv": "VA",
			"predavac": "Huga Buga"
		}
	],
	"periodicna": [
		{
			"dan": 3,
			"semestar": "zimski",
			"pocetak": "08:00",
			"kraj": "09:30",
			"naziv": "2-02",
			"predavac": "Scooby Dooby Doo"
		},
		{
			"dan": 0,
			"semestar": "zimski",
			"pocetak": "08:30",
			"kraj": "10:00",
			"naziv": "VA",
			"predavac": "Scooby Dooby Doo"
		},
		{
			"dan": 1,
			"semestar": "ljetni",
			"pocetak": "08:00",
			"kraj": "09:30",
			"naziv": "2-03",
			"predavac": "Scooby Dooby Doo"
		},
		{
			"dan": 0,
			"semestar": "zimski",
			"pocetak": "18:00",
			"kraj": "20:00",
			"naziv": "VA",
			"predavac": "Huga Buga"
		},
		{
			"dan": 6,
			"semestar": "zimski",
			"pocetak": "08:30",
			"kraj": "10:30",
			"naziv": "VA",
			"predavac": "Huga Buga"
		},
		{
			"dan": 1,
			"semestar": "zimski",
			"pocetak": "08:30",
			"kraj": "22:00",
			"naziv": "1-11",
			"predavac": "Huga Buga"
		}
	]
}
