{
  "testId" : "1-mobilesale.gspec",
  "name" : "mobileSale.gspec",
  "report" : {
    "nodes" : [ {
      "name" : "Simple check",
      "status" : "info",
      "nodes" : [ {
        "name" : "check  mobileSale.gspec --url http://localhost/sale.html --size 600x1400 --htmlreport reports/mobileSale",
        "status" : "info",
        "nodes" : [ {
          "name" : "Check layout: mobileSale.gspec included tags: ",
          "status" : "info",
          "time" : 1573645227754,
          "sections" : [ {
            "name" : "navbar",
            "place" : {
              "filePath" : "mobileSale.gspec",
              "lineNumber" : 6
            },
            "objects" : [ {
              "name" : "navbarItem-1",
              "specs" : [ {
                "status" : "info",
                "place" : {
                  "filePath" : "mobileSale.gspec",
                  "lineNumber" : 8
                },
                "name" : "aligned vertically all navbarItem-2",
                "highlight" : [ "navbarItem-1", "navbarItem-2" ]
              }, {
                "status" : "info",
                "place" : {
                  "filePath" : "mobileSale.gspec",
                  "lineNumber" : 9
                },
                "name" : "aligned vertically all navbarItem-3",
                "highlight" : [ "navbarItem-1", "navbarItem-3" ]
              }, {
                "status" : "info",
                "place" : {
                  "filePath" : "mobileSale.gspec",
                  "lineNumber" : 10
                },
                "name" : "aligned vertically all navbarItem-4",
                "highlight" : [ "navbarItem-1", "navbarItem-4" ]
              }, {
                "status" : "info",
                "place" : {
                  "filePath" : "mobileSale.gspec",
                  "lineNumber" : 11
                },
                "name" : "aligned vertically all navbarItem-5",
                "highlight" : [ "navbarItem-1", "navbarItem-5" ]
              }, {
                "status" : "info",
                "place" : {
                  "filePath" : "mobileSale.gspec",
                  "lineNumber" : 12
                },
                "name" : "above navbarItem-2 0px",
                "meta" : [ {
                  "from" : {
                    "object" : "navbarItem-1",
                    "edge" : "bottom"
                  },
                  "to" : {
                    "object" : "navbarItem-2",
                    "edge" : "top"
                  },
                  "expectedDistance" : "0px",
                  "realDistance" : "0px"
                } ],
                "highlight" : [ "navbarItem-1", "navbarItem-2" ]
              }, {
                "status" : "info",
                "place" : {
                  "filePath" : "mobileSale.gspec",
                  "lineNumber" : 13
                },
                "name" : "below viewport -1208px",
                "meta" : [ {
                  "from" : {
                    "object" : "navbarItem-1",
                    "edge" : "top"
                  },
                  "to" : {
                    "object" : "viewport",
                    "edge" : "bottom"
                  },
                  "expectedDistance" : "-1208px",
                  "realDistance" : "-1208px"
                } ],
                "highlight" : [ "navbarItem-1", "viewport" ]
              }, {
                "status" : "info",
                "place" : {
                  "filePath" : "mobileSale.gspec",
                  "lineNumber" : 14
                },
                "name" : "inside viewport 111px top",
                "meta" : [ {
                  "from" : {
                    "object" : "navbarItem-1",
                    "edge" : "top"
                  },
                  "to" : {
                    "object" : "viewport",
                    "edge" : "top"
                  },
                  "expectedDistance" : "111px",
                  "realDistance" : "111px"
                } ],
                "highlight" : [ "navbarItem-1", "viewport" ]
              } ]
            }, {
              "name" : "navbarItem-2",
              "specs" : [ {
                "status" : "info",
                "place" : {
                  "filePath" : "mobileSale.gspec",
                  "lineNumber" : 17
                },
                "name" : "aligned vertically all navbarItem-1",
                "highlight" : [ "navbarItem-2", "navbarItem-1" ]
              }, {
                "status" : "info",
                "place" : {
                  "filePath" : "mobileSale.gspec",
                  "lineNumber" : 18
                },
                "name" : "aligned vertically all navbarItem-3",
                "highlight" : [ "navbarItem-2", "navbarItem-3" ]
              }, {
                "status" : "info",
                "place" : {
                  "filePath" : "mobileSale.gspec",
                  "lineNumber" : 19
                },
                "name" : "aligned vertically all navbarItem-4",
                "highlight" : [ "navbarItem-2", "navbarItem-4" ]
              }, {
                "status" : "info",
                "place" : {
                  "filePath" : "mobileSale.gspec",
                  "lineNumber" : 20
                },
                "name" : "aligned vertically all navbarItem-5",
                "highlight" : [ "navbarItem-2", "navbarItem-5" ]
              }, {
                "status" : "info",
                "place" : {
                  "filePath" : "mobileSale.gspec",
                  "lineNumber" : 21
                },
                "name" : "above navbarItem-3 1px",
                "meta" : [ {
                  "from" : {
                    "object" : "navbarItem-2",
                    "edge" : "bottom"
                  },
                  "to" : {
                    "object" : "navbarItem-3",
                    "edge" : "top"
                  },
                  "expectedDistance" : "1px",
                  "realDistance" : "1px"
                } ],
                "highlight" : [ "navbarItem-2", "navbarItem-3" ]
              } ]
            }, {
              "name" : "navbarItem-3",
              "specs" : [ {
                "status" : "info",
                "place" : {
                  "filePath" : "mobileSale.gspec",
                  "lineNumber" : 24
                },
                "name" : "aligned vertically all navbarItem-1",
                "highlight" : [ "navbarItem-3", "navbarItem-1" ]
              }, {
                "status" : "info",
                "place" : {
                  "filePath" : "mobileSale.gspec",
                  "lineNumber" : 25
                },
                "name" : "aligned vertically all navbarItem-2",
                "highlight" : [ "navbarItem-3", "navbarItem-2" ]
              }, {
                "status" : "info",
                "place" : {
                  "filePath" : "mobileSale.gspec",
                  "lineNumber" : 26
                },
                "name" : "aligned vertically all navbarItem-4",
                "highlight" : [ "navbarItem-3", "navbarItem-4" ]
              }, {
                "status" : "info",
                "place" : {
                  "filePath" : "mobileSale.gspec",
                  "lineNumber" : 27
                },
                "name" : "aligned vertically all navbarItem-5",
                "highlight" : [ "navbarItem-3", "navbarItem-5" ]
              }, {
                "status" : "info",
                "place" : {
                  "filePath" : "mobileSale.gspec",
                  "lineNumber" : 28
                },
                "name" : "above navbarItem-4 1px",
                "meta" : [ {
                  "from" : {
                    "object" : "navbarItem-3",
                    "edge" : "bottom"
                  },
                  "to" : {
                    "object" : "navbarItem-4",
                    "edge" : "top"
                  },
                  "expectedDistance" : "1px",
                  "realDistance" : "1px"
                } ],
                "highlight" : [ "navbarItem-3", "navbarItem-4" ]
              } ]
            }, {
              "name" : "navbarItem-4",
              "specs" : [ {
                "status" : "info",
                "place" : {
                  "filePath" : "mobileSale.gspec",
                  "lineNumber" : 31
                },
                "name" : "aligned vertically all navbarItem-1",
                "highlight" : [ "navbarItem-4", "navbarItem-1" ]
              }, {
                "status" : "info",
                "place" : {
                  "filePath" : "mobileSale.gspec",
                  "lineNumber" : 32
                },
                "name" : "aligned vertically all navbarItem-2",
                "highlight" : [ "navbarItem-4", "navbarItem-2" ]
              }, {
                "status" : "info",
                "place" : {
                  "filePath" : "mobileSale.gspec",
                  "lineNumber" : 33
                },
                "name" : "aligned vertically all navbarItem-3",
                "highlight" : [ "navbarItem-4", "navbarItem-3" ]
              }, {
                "status" : "info",
                "place" : {
                  "filePath" : "mobileSale.gspec",
                  "lineNumber" : 34
                },
                "name" : "aligned vertically all navbarItem-5",
                "highlight" : [ "navbarItem-4", "navbarItem-5" ]
              }, {
                "status" : "info",
                "place" : {
                  "filePath" : "mobileSale.gspec",
                  "lineNumber" : 35
                },
                "name" : "above navbarItem-5 0px",
                "meta" : [ {
                  "from" : {
                    "object" : "navbarItem-4",
                    "edge" : "bottom"
                  },
                  "to" : {
                    "object" : "navbarItem-5",
                    "edge" : "top"
                  },
                  "expectedDistance" : "0px",
                  "realDistance" : "0px"
                } ],
                "highlight" : [ "navbarItem-4", "navbarItem-5" ]
              } ]
            }, {
              "name" : "navbarItem-5",
              "specs" : [ {
                "status" : "info",
                "place" : {
                  "filePath" : "mobileSale.gspec",
                  "lineNumber" : 38
                },
                "name" : "aligned vertically all navbarItem-1",
                "highlight" : [ "navbarItem-5", "navbarItem-1" ]
              }, {
                "status" : "info",
                "place" : {
                  "filePath" : "mobileSale.gspec",
                  "lineNumber" : 39
                },
                "name" : "aligned vertically all navbarItem-2",
                "highlight" : [ "navbarItem-5", "navbarItem-2" ]
              }, {
                "status" : "info",
                "place" : {
                  "filePath" : "mobileSale.gspec",
                  "lineNumber" : 40
                },
                "name" : "aligned vertically all navbarItem-3",
                "highlight" : [ "navbarItem-5", "navbarItem-3" ]
              }, {
                "status" : "info",
                "place" : {
                  "filePath" : "mobileSale.gspec",
                  "lineNumber" : 41
                },
                "name" : "aligned vertically all navbarItem-4",
                "highlight" : [ "navbarItem-5", "navbarItem-4" ]
              }, {
                "status" : "info",
                "place" : {
                  "filePath" : "mobileSale.gspec",
                  "lineNumber" : 42
                },
                "name" : "below navbarItem-4 0px",
                "meta" : [ {
                  "from" : {
                    "object" : "navbarItem-5",
                    "edge" : "top"
                  },
                  "to" : {
                    "object" : "navbarItem-4",
                    "edge" : "bottom"
                  },
                  "expectedDistance" : "0px",
                  "realDistance" : "0px"
                } ],
                "highlight" : [ "navbarItem-5", "navbarItem-4" ]
              }, {
                "status" : "info",
                "place" : {
                  "filePath" : "mobileSale.gspec",
                  "lineNumber" : 43
                },
                "name" : "above viewport -283px",
                "meta" : [ {
                  "from" : {
                    "object" : "navbarItem-5",
                    "edge" : "bottom"
                  },
                  "to" : {
                    "object" : "viewport",
                    "edge" : "top"
                  },
                  "expectedDistance" : "-283px",
                  "realDistance" : "-283px"
                } ],
                "highlight" : [ "navbarItem-5", "viewport" ]
              }, {
                "status" : "info",
                "place" : {
                  "filePath" : "mobileSale.gspec",
                  "lineNumber" : 44
                },
                "name" : "inside viewport 1036px bottom",
                "meta" : [ {
                  "from" : {
                    "object" : "navbarItem-5",
                    "edge" : "bottom"
                  },
                  "to" : {
                    "object" : "viewport",
                    "edge" : "bottom"
                  },
                  "expectedDistance" : "1036px",
                  "realDistance" : "1036px"
                } ],
                "highlight" : [ "navbarItem-5", "viewport" ]
              }, {
                "status" : "info",
                "place" : {
                  "filePath" : "mobileSale.gspec",
                  "lineNumber" : 45
                },
                "name" : "height 34px",
                "meta" : [ {
                  "from" : {
                    "object" : "navbarItem-5",
                    "edge" : "top"
                  },
                  "to" : {
                    "object" : "navbarItem-5",
                    "edge" : "bottom"
                  },
                  "expectedDistance" : "34px",
                  "realDistance" : "34px"
                } ],
                "highlight" : [ "navbarItem-5" ]
              } ]
            }, {
              "name" : "headerSprat",
              "specs" : [ {
                "status" : "info",
                "place" : {
                  "filePath" : "mobileSale.gspec",
                  "lineNumber" : 48
                },
                "name" : "absent",
                "highlight" : [ ]
              } ]
            }, {
              "name" : "headerRedni",
              "specs" : [ {
                "status" : "info",
                "place" : {
                  "filePath" : "mobileSale.gspec",
                  "lineNumber" : 51
                },
                "name" : "absent",
                "highlight" : [ ]
              } ]
            } ]
          } ],
          "objects" : {
            "navbarItem-1" : {
              "area" : [ 0, 111, 588, 34 ]
            },
            "viewport" : {
              "area" : [ 0, 0, 588, 1319 ]
            },
            "navbarItem-3" : {
              "area" : [ 0, 180, 588, 34 ]
            },
            "navbarItem-2" : {
              "area" : [ 0, 145, 588, 34 ]
            },
            "navbarItem-5" : {
              "area" : [ 0, 249, 588, 34 ]
            },
            "navbarItem-4" : {
              "area" : [ 0, 215, 588, 34 ]
            }
          },
          "screenshot" : "layout-1-screenshot.png",
          "type" : "layout"
        } ],
        "time" : 1573645224473,
        "type" : "node"
      } ],
      "time" : 1573645217478,
      "type" : "node"
    } ]
  }
}