{
  "testId" : "1-mobilesale.gspec",
  "name" : "mobileSale.gspec",
  "report" : {
    "nodes" : [ {
      "name" : "Simple check",
      "status" : "info",
      "nodes" : [ {
        "name" : "check  mobileSale.gspec --url http://localhost/sale.html --size 599x768 --htmlreport izvjestaji",
        "status" : "info",
        "nodes" : [ {
          "name" : "Check layout: mobileSale.gspec included tags: ",
          "status" : "info",
          "time" : 1573656547347,
          "sections" : [ {
            "name" : "Header section",
            "place" : {
              "filePath" : "mobileSale.gspec",
              "lineNumber" : 19
            },
            "objects" : [ {
              "name" : "glavni",
              "specs" : [ {
                "status" : "info",
                "place" : {
                  "filePath" : "mobileSale.gspec",
                  "lineNumber" : 21
                },
                "name" : "width < 600px",
                "meta" : [ {
                  "from" : {
                    "object" : "glavni",
                    "edge" : "left"
                  },
                  "to" : {
                    "object" : "glavni",
                    "edge" : "right"
                  },
                  "expectedDistance" : "< 600px",
                  "realDistance" : "205px"
                } ],
                "highlight" : [ "glavni" ]
              } ]
            }, {
              "name" : "meni",
              "specs" : [ {
                "status" : "info",
                "place" : {
                  "filePath" : "mobileSale.gspec",
                  "lineNumber" : 23
                },
                "name" : "width 95 to 100 % of glavni/width",
                "meta" : [ {
                  "from" : {
                    "object" : "meni",
                    "edge" : "left"
                  },
                  "to" : {
                    "object" : "meni",
                    "edge" : "right"
                  },
                  "expectedDistance" : "95 to 100% [194 to 205px]",
                  "realDistance" : "100% [205px]"
                } ],
                "highlight" : [ "meni" ]
              }, {
                "status" : "info",
                "place" : {
                  "filePath" : "mobileSale.gspec",
                  "lineNumber" : 24
                },
                "name" : "inside screen 50px top",
                "meta" : [ {
                  "from" : {
                    "object" : "meni",
                    "edge" : "top"
                  },
                  "to" : {
                    "object" : "screen",
                    "edge" : "top"
                  },
                  "expectedDistance" : "50px",
                  "realDistance" : "50px"
                } ],
                "highlight" : [ "meni", "screen" ]
              }, {
                "status" : "info",
                "place" : {
                  "filePath" : "mobileSale.gspec",
                  "lineNumber" : 25
                },
                "name" : "above sadrzaj 10px",
                "meta" : [ {
                  "from" : {
                    "object" : "meni",
                    "edge" : "bottom"
                  },
                  "to" : {
                    "object" : "sadrzaj",
                    "edge" : "top"
                  },
                  "expectedDistance" : "10px",
                  "realDistance" : "10px"
                } ],
                "highlight" : [ "meni", "sadrzaj" ]
              } ]
            }, {
              "name" : "li",
              "specs" : [ {
                "status" : "info",
                "place" : {
                  "filePath" : "mobileSale.gspec",
                  "lineNumber" : 27
                },
                "name" : "css display is \"list-item\"",
                "highlight" : [ "li" ]
              }, {
                "status" : "info",
                "place" : {
                  "filePath" : "mobileSale.gspec",
                  "lineNumber" : 28
                },
                "name" : "css list-style-type is \"none\"",
                "highlight" : [ "li" ]
              } ]
            }, {
              "name" : "list_item-2",
              "specs" : [ {
                "status" : "info",
                "place" : {
                  "filePath" : "mobileSale.gspec",
                  "lineNumber" : 30
                },
                "name" : "css text-decoration-line is \"none\"",
                "highlight" : [ "list_item-2" ]
              }, {
                "status" : "info",
                "place" : {
                  "filePath" : "mobileSale.gspec",
                  "lineNumber" : 31
                },
                "name" : "text contains \"Sale\"",
                "highlight" : [ "list_item-2" ]
              } ]
            }, {
              "name" : "list_item-3",
              "specs" : [ {
                "status" : "info",
                "place" : {
                  "filePath" : "mobileSale.gspec",
                  "lineNumber" : 33
                },
                "name" : "text contains \"Unos\"",
                "highlight" : [ "list_item-3" ]
              } ]
            }, {
              "name" : "list_item-4",
              "specs" : [ {
                "status" : "info",
                "place" : {
                  "filePath" : "mobileSale.gspec",
                  "lineNumber" : 35
                },
                "name" : "text contains \"Rezervacije\"",
                "highlight" : [ "list_item-4" ]
              } ]
            }, {
              "name" : "list_item-5",
              "specs" : [ {
                "status" : "info",
                "place" : {
                  "filePath" : "mobileSale.gspec",
                  "lineNumber" : 37
                },
                "name" : "text contains \"Osobe\"",
                "highlight" : [ "list_item-5" ]
              } ]
            }, {
              "name" : "logo",
              "specs" : [ {
                "status" : "info",
                "place" : {
                  "filePath" : "mobileSale.gspec",
                  "lineNumber" : 39
                },
                "name" : "width 70px",
                "meta" : [ {
                  "from" : {
                    "object" : "logo",
                    "edge" : "left"
                  },
                  "to" : {
                    "object" : "logo",
                    "edge" : "right"
                  },
                  "expectedDistance" : "70px",
                  "realDistance" : "70px"
                } ],
                "highlight" : [ "logo" ]
              }, {
                "status" : "info",
                "place" : {
                  "filePath" : "mobileSale.gspec",
                  "lineNumber" : 40
                },
                "name" : "height 70px",
                "meta" : [ {
                  "from" : {
                    "object" : "logo",
                    "edge" : "top"
                  },
                  "to" : {
                    "object" : "logo",
                    "edge" : "bottom"
                  },
                  "expectedDistance" : "70px",
                  "realDistance" : "70px"
                } ],
                "highlight" : [ "logo" ]
              }, {
                "status" : "info",
                "place" : {
                  "filePath" : "mobileSale.gspec",
                  "lineNumber" : 41
                },
                "name" : "contains slika",
                "highlight" : [ "logo", "slika" ]
              }, {
                "status" : "info",
                "place" : {
                  "filePath" : "mobileSale.gspec",
                  "lineNumber" : 42
                },
                "name" : "inside partly meni -35px top",
                "meta" : [ {
                  "from" : {
                    "object" : "logo",
                    "edge" : "top"
                  },
                  "to" : {
                    "object" : "meni",
                    "edge" : "top"
                  },
                  "expectedDistance" : "-35px",
                  "realDistance" : "-35px"
                } ],
                "highlight" : [ "logo", "meni" ]
              } ]
            }, {
              "name" : "comments",
              "specs" : [ {
                "status" : "info",
                "place" : {
                  "filePath" : "mobileSale.gspec",
                  "lineNumber" : 44
                },
                "name" : "absent",
                "highlight" : [ ]
              } ]
            } ]
          }, {
            "name" : "Main section",
            "place" : {
              "filePath" : "mobileSale.gspec",
              "lineNumber" : 45
            },
            "objects" : [ {
              "name" : "sadrzaj",
              "specs" : [ {
                "status" : "info",
                "place" : {
                  "filePath" : "mobileSale.gspec",
                  "lineNumber" : 47
                },
                "name" : "width 100% of glavni/width",
                "meta" : [ {
                  "from" : {
                    "object" : "sadrzaj",
                    "edge" : "left"
                  },
                  "to" : {
                    "object" : "sadrzaj",
                    "edge" : "right"
                  },
                  "expectedDistance" : "100% [205px]",
                  "realDistance" : "100% [205px]"
                } ],
                "highlight" : [ "sadrzaj" ]
              }, {
                "status" : "info",
                "place" : {
                  "filePath" : "mobileSale.gspec",
                  "lineNumber" : 48
                },
                "name" : "css background-color is \"rgb(100, 149, 237)\"",
                "highlight" : [ "sadrzaj" ]
              } ]
            }, {
              "name" : "tabelaSala",
              "specs" : [ {
                "status" : "info",
                "place" : {
                  "filePath" : "mobileSale.gspec",
                  "lineNumber" : 50
                },
                "name" : "inside sadrzaj 30 px bottom",
                "meta" : [ {
                  "from" : {
                    "object" : "tabelaSala",
                    "edge" : "bottom"
                  },
                  "to" : {
                    "object" : "sadrzaj",
                    "edge" : "bottom"
                  },
                  "expectedDistance" : "30px",
                  "realDistance" : "30px"
                } ],
                "highlight" : [ "tabelaSala", "sadrzaj" ]
              } ]
            }, {
              "name" : "prvaCelija",
              "specs" : [ {
                "status" : "info",
                "place" : {
                  "filePath" : "mobileSale.gspec",
                  "lineNumber" : 52
                },
                "name" : "absent",
                "highlight" : [ ]
              } ]
            }, {
              "name" : "headerRedni",
              "specs" : [ {
                "status" : "info",
                "place" : {
                  "filePath" : "mobileSale.gspec",
                  "lineNumber" : 54
                },
                "name" : "absent",
                "highlight" : [ ]
              } ]
            }, {
              "name" : "headerSprat",
              "specs" : [ {
                "status" : "info",
                "place" : {
                  "filePath" : "mobileSale.gspec",
                  "lineNumber" : 56
                },
                "name" : "absent",
                "highlight" : [ ]
              } ]
            }, {
              "name" : "zauzetaSala",
              "specs" : [ {
                "status" : "info",
                "place" : {
                  "filePath" : "mobileSale.gspec",
                  "lineNumber" : 58
                },
                "name" : "css background-color is \"rgb(255, 69, 0)\"",
                "highlight" : [ "zauzetaSala" ]
              }, {
                "status" : "info",
                "place" : {
                  "filePath" : "mobileSale.gspec",
                  "lineNumber" : 59
                },
                "name" : "css text-align is \"left\"",
                "highlight" : [ "zauzetaSala" ]
              } ]
            }, {
              "name" : "slobodnaSala",
              "specs" : [ {
                "status" : "info",
                "place" : {
                  "filePath" : "mobileSale.gspec",
                  "lineNumber" : 61
                },
                "name" : "css background-color is \"rgb(173, 255, 47)\"",
                "highlight" : [ "slobodnaSala" ]
              }, {
                "status" : "info",
                "place" : {
                  "filePath" : "mobileSale.gspec",
                  "lineNumber" : 62
                },
                "name" : "css text-align is \"left\"",
                "highlight" : [ "slobodnaSala" ]
              } ]
            }, {
              "name" : "sala",
              "specs" : [ {
                "status" : "info",
                "place" : {
                  "filePath" : "mobileSale.gspec",
                  "lineNumber" : 64
                },
                "name" : "css background-color is \"rgb(255, 255, 255)\"",
                "highlight" : [ "sala" ]
              }, {
                "status" : "info",
                "place" : {
                  "filePath" : "mobileSale.gspec",
                  "lineNumber" : 65
                },
                "name" : "css text-align is \"left\"",
                "highlight" : [ "sala" ]
              } ]
            }, {
              "name" : "kancelarija",
              "specs" : [ {
                "status" : "info",
                "place" : {
                  "filePath" : "mobileSale.gspec",
                  "lineNumber" : 67
                },
                "name" : "css background-color is \"rgb(102, 51, 153)\"",
                "highlight" : [ "kancelarija" ]
              }, {
                "status" : "info",
                "place" : {
                  "filePath" : "mobileSale.gspec",
                  "lineNumber" : 68
                },
                "name" : "css text-align is \"left\"",
                "highlight" : [ "kancelarija" ]
              } ]
            } ]
          } ],
          "objects" : {
            "meni" : {
              "area" : [ 182, 50, 205, 270 ]
            },
            "slika" : {
              "area" : [ 250, 15, 70, 70 ]
            },
            "zauzetaSala" : {
              "area" : [ 317, 413, 39, 45 ]
            },
            "screen" : {
              "area" : [ 0, 0, 570, 804 ]
            },
            "list_item-2" : {
              "area" : [ 207, 168, 27, 17 ]
            },
            "list_item-3" : {
              "area" : [ 207, 206, 33, 17 ]
            },
            "list_item-4" : {
              "area" : [ 207, 244, 75, 17 ]
            },
            "list_item-5" : {
              "area" : [ 207, 282, 40, 17 ]
            },
            "sadrzaj" : {
              "area" : [ 182, 330, 205, 474 ]
            },
            "kancelarija" : {
              "area" : [ 213, 638, 39, 45 ]
            },
            "tabelaSala" : {
              "area" : [ 212, 365, 145, 409 ]
            },
            "slobodnaSala" : {
              "area" : [ 317, 368, 39, 45 ]
            },
            "sala" : {
              "area" : [ 213, 368, 39, 45 ]
            },
            "glavni" : {
              "area" : [ 182, 0, 205, 804 ]
            },
            "logo" : {
              "area" : [ 250, 15, 70, 70 ]
            },
            "li" : {
              "area" : [ 197, 120, 190, 38 ]
            }
          },
          "screenshot" : "layout-1-screenshot.png",
          "type" : "layout"
        } ],
        "time" : 1573656545813,
        "type" : "node"
      } ],
      "time" : 1573656542974,
      "type" : "node"
    } ]
  }
}