{
  "testId" : "1-mobileunos.gspec",
  "name" : "mobileUnos.gspec",
  "report" : {
    "nodes" : [ {
      "name" : "Simple check",
      "status" : "info",
      "nodes" : [ {
        "name" : "check  mobileUnos.gspec --url http://localhost/unos.html --size 599x768 --htmlreport izvjestaji",
        "status" : "info",
        "nodes" : [ {
          "name" : "Check layout: mobileUnos.gspec included tags: ",
          "status" : "info",
          "time" : 1573663153916,
          "sections" : [ {
            "name" : "Header section",
            "place" : {
              "filePath" : "mobileUnos.gspec",
              "lineNumber" : 24
            },
            "objects" : [ {
              "name" : "glavni",
              "specs" : [ {
                "status" : "info",
                "place" : {
                  "filePath" : "mobileUnos.gspec",
                  "lineNumber" : 26
                },
                "name" : "width 30 to 100 % of screen/width",
                "meta" : [ {
                  "from" : {
                    "object" : "glavni",
                    "edge" : "left"
                  },
                  "to" : {
                    "object" : "glavni",
                    "edge" : "right"
                  },
                  "expectedDistance" : "30 to 100% [176 to 587px]",
                  "realDistance" : "100% [587px]"
                } ],
                "highlight" : [ "glavni" ]
              } ]
            }, {
              "name" : "meni",
              "specs" : [ {
                "status" : "info",
                "place" : {
                  "filePath" : "mobileUnos.gspec",
                  "lineNumber" : 28
                },
                "name" : "width 95 to 100 % of glavni/width",
                "meta" : [ {
                  "from" : {
                    "object" : "meni",
                    "edge" : "left"
                  },
                  "to" : {
                    "object" : "meni",
                    "edge" : "right"
                  },
                  "expectedDistance" : "95 to 100% [557 to 587px]",
                  "realDistance" : "100% [587px]"
                } ],
                "highlight" : [ "meni" ]
              }, {
                "status" : "info",
                "place" : {
                  "filePath" : "mobileUnos.gspec",
                  "lineNumber" : 29
                },
                "name" : "inside screen 50px top",
                "meta" : [ {
                  "from" : {
                    "object" : "meni",
                    "edge" : "top"
                  },
                  "to" : {
                    "object" : "screen",
                    "edge" : "top"
                  },
                  "expectedDistance" : "50px",
                  "realDistance" : "50px"
                } ],
                "highlight" : [ "meni", "screen" ]
              }, {
                "status" : "info",
                "place" : {
                  "filePath" : "mobileUnos.gspec",
                  "lineNumber" : 30
                },
                "name" : "above sadrzaj 10px",
                "meta" : [ {
                  "from" : {
                    "object" : "meni",
                    "edge" : "bottom"
                  },
                  "to" : {
                    "object" : "sadrzaj",
                    "edge" : "top"
                  },
                  "expectedDistance" : "10px",
                  "realDistance" : "10px"
                } ],
                "highlight" : [ "meni", "sadrzaj" ]
              } ]
            }, {
              "name" : "li",
              "specs" : [ {
                "status" : "info",
                "place" : {
                  "filePath" : "mobileUnos.gspec",
                  "lineNumber" : 32
                },
                "name" : "css display is \"list-item\"",
                "highlight" : [ "li" ]
              }, {
                "status" : "info",
                "place" : {
                  "filePath" : "mobileUnos.gspec",
                  "lineNumber" : 43
                },
                "name" : "css list-style-type is \"none\"",
                "highlight" : [ "li" ]
              } ]
            }, {
              "name" : "list_item-2",
              "specs" : [ {
                "status" : "info",
                "place" : {
                  "filePath" : "mobileUnos.gspec",
                  "lineNumber" : 34
                },
                "name" : "text contains \"Sale\"",
                "highlight" : [ "list_item-2" ]
              } ]
            }, {
              "name" : "list_item-3",
              "specs" : [ {
                "status" : "info",
                "place" : {
                  "filePath" : "mobileUnos.gspec",
                  "lineNumber" : 36
                },
                "name" : "css text-decoration-line is \"none\"",
                "highlight" : [ "list_item-3" ]
              }, {
                "status" : "info",
                "place" : {
                  "filePath" : "mobileUnos.gspec",
                  "lineNumber" : 37
                },
                "name" : "text contains \"Unos\"",
                "highlight" : [ "list_item-3" ]
              } ]
            }, {
              "name" : "list_item-4",
              "specs" : [ {
                "status" : "info",
                "place" : {
                  "filePath" : "mobileUnos.gspec",
                  "lineNumber" : 39
                },
                "name" : "text contains \"Rezervacije\"",
                "highlight" : [ "list_item-4" ]
              } ]
            }, {
              "name" : "list_item-5",
              "specs" : [ {
                "status" : "info",
                "place" : {
                  "filePath" : "mobileUnos.gspec",
                  "lineNumber" : 41
                },
                "name" : "text contains \"Osobe\"",
                "highlight" : [ "list_item-5" ]
              } ]
            }, {
              "name" : "logo",
              "specs" : [ {
                "status" : "info",
                "place" : {
                  "filePath" : "mobileUnos.gspec",
                  "lineNumber" : 45
                },
                "name" : "width 70px",
                "meta" : [ {
                  "from" : {
                    "object" : "logo",
                    "edge" : "left"
                  },
                  "to" : {
                    "object" : "logo",
                    "edge" : "right"
                  },
                  "expectedDistance" : "70px",
                  "realDistance" : "70px"
                } ],
                "highlight" : [ "logo" ]
              }, {
                "status" : "info",
                "place" : {
                  "filePath" : "mobileUnos.gspec",
                  "lineNumber" : 46
                },
                "name" : "height 70px",
                "meta" : [ {
                  "from" : {
                    "object" : "logo",
                    "edge" : "top"
                  },
                  "to" : {
                    "object" : "logo",
                    "edge" : "bottom"
                  },
                  "expectedDistance" : "70px",
                  "realDistance" : "70px"
                } ],
                "highlight" : [ "logo" ]
              }, {
                "status" : "info",
                "place" : {
                  "filePath" : "mobileUnos.gspec",
                  "lineNumber" : 47
                },
                "name" : "inside partly meni -35px top",
                "meta" : [ {
                  "from" : {
                    "object" : "logo",
                    "edge" : "top"
                  },
                  "to" : {
                    "object" : "meni",
                    "edge" : "top"
                  },
                  "expectedDistance" : "-35px",
                  "realDistance" : "-35px"
                } ],
                "highlight" : [ "logo", "meni" ]
              } ]
            }, {
              "name" : "slika",
              "specs" : [ {
                "status" : "info",
                "place" : {
                  "filePath" : "mobileUnos.gspec",
                  "lineNumber" : 49
                },
                "name" : "inside partly logo",
                "meta" : [ ],
                "highlight" : [ "slika", "logo" ]
              } ]
            }, {
              "name" : "comments",
              "specs" : [ {
                "status" : "info",
                "place" : {
                  "filePath" : "mobileUnos.gspec",
                  "lineNumber" : 51
                },
                "name" : "absent",
                "highlight" : [ ]
              } ]
            } ]
          }, {
            "name" : "Main section",
            "place" : {
              "filePath" : "mobileUnos.gspec",
              "lineNumber" : 52
            },
            "objects" : [ {
              "name" : "sadrzaj",
              "specs" : [ {
                "status" : "info",
                "place" : {
                  "filePath" : "mobileUnos.gspec",
                  "lineNumber" : 54
                },
                "name" : "width 100% of glavni/width",
                "meta" : [ {
                  "from" : {
                    "object" : "sadrzaj",
                    "edge" : "left"
                  },
                  "to" : {
                    "object" : "sadrzaj",
                    "edge" : "right"
                  },
                  "expectedDistance" : "100% [587px]",
                  "realDistance" : "100% [587px]"
                } ],
                "highlight" : [ "sadrzaj" ]
              }, {
                "status" : "info",
                "place" : {
                  "filePath" : "mobileUnos.gspec",
                  "lineNumber" : 55
                },
                "name" : "css background-color is \"rgb(100, 149, 237)\"",
                "highlight" : [ "sadrzaj" ]
              } ]
            }, {
              "name" : "label",
              "specs" : [ {
                "status" : "info",
                "place" : {
                  "filePath" : "mobileUnos.gspec",
                  "lineNumber" : 57
                },
                "name" : "width 100 to 200 px",
                "meta" : [ {
                  "from" : {
                    "object" : "label",
                    "edge" : "left"
                  },
                  "to" : {
                    "object" : "label",
                    "edge" : "right"
                  },
                  "expectedDistance" : "100 to 200px",
                  "realDistance" : "170px"
                } ],
                "highlight" : [ "label" ]
              }, {
                "status" : "info",
                "place" : {
                  "filePath" : "mobileUnos.gspec",
                  "lineNumber" : 58
                },
                "name" : "css text-align is \"left\"",
                "highlight" : [ "label" ]
              } ]
            }, {
              "name" : "forma",
              "specs" : [ {
                "status" : "info",
                "place" : {
                  "filePath" : "mobileUnos.gspec",
                  "lineNumber" : 60
                },
                "name" : "width 90 to 100% of sadrzaj/width",
                "meta" : [ {
                  "from" : {
                    "object" : "forma",
                    "edge" : "left"
                  },
                  "to" : {
                    "object" : "forma",
                    "edge" : "right"
                  },
                  "expectedDistance" : "90 to 100% [528 to 587px]",
                  "realDistance" : "96% [567px]"
                } ],
                "highlight" : [ "forma" ]
              }, {
                "status" : "info",
                "place" : {
                  "filePath" : "mobileUnos.gspec",
                  "lineNumber" : 61
                },
                "name" : "css text-align is \"center\"",
                "highlight" : [ "forma" ]
              } ]
            }, {
              "name" : "naziv",
              "specs" : [ {
                "status" : "info",
                "place" : {
                  "filePath" : "mobileUnos.gspec",
                  "lineNumber" : 63
                },
                "name" : "width 100 to 200 px",
                "meta" : [ {
                  "from" : {
                    "object" : "naziv",
                    "edge" : "left"
                  },
                  "to" : {
                    "object" : "naziv",
                    "edge" : "right"
                  },
                  "expectedDistance" : "100 to 200px",
                  "realDistance" : "142px"
                } ],
                "highlight" : [ "naziv" ]
              } ]
            }, {
              "name" : "brojMjesta",
              "specs" : [ {
                "status" : "info",
                "place" : {
                  "filePath" : "mobileUnos.gspec",
                  "lineNumber" : 65
                },
                "name" : "width 100 to 200 px",
                "meta" : [ {
                  "from" : {
                    "object" : "brojMjesta",
                    "edge" : "left"
                  },
                  "to" : {
                    "object" : "brojMjesta",
                    "edge" : "right"
                  },
                  "expectedDistance" : "100 to 200px",
                  "realDistance" : "142px"
                } ],
                "highlight" : [ "brojMjesta" ]
              }, {
                "status" : "info",
                "place" : {
                  "filePath" : "mobileUnos.gspec",
                  "lineNumber" : 66
                },
                "name" : "below naziv",
                "meta" : [ {
                  "from" : {
                    "object" : "brojMjesta",
                    "edge" : "top"
                  },
                  "to" : {
                    "object" : "naziv",
                    "edge" : "bottom"
                  },
                  "expectedDistance" : ">= 0px",
                  "realDistance" : "39px"
                } ],
                "highlight" : [ "brojMjesta", "naziv" ]
              } ]
            }, {
              "name" : "odgovornaOsoba",
              "specs" : [ {
                "status" : "info",
                "place" : {
                  "filePath" : "mobileUnos.gspec",
                  "lineNumber" : 68
                },
                "name" : "width 100 to 200 px",
                "meta" : [ {
                  "from" : {
                    "object" : "odgovornaOsoba",
                    "edge" : "left"
                  },
                  "to" : {
                    "object" : "odgovornaOsoba",
                    "edge" : "right"
                  },
                  "expectedDistance" : "100 to 200px",
                  "realDistance" : "142px"
                } ],
                "highlight" : [ "odgovornaOsoba" ]
              }, {
                "status" : "info",
                "place" : {
                  "filePath" : "mobileUnos.gspec",
                  "lineNumber" : 69
                },
                "name" : "below brojMjesta",
                "meta" : [ {
                  "from" : {
                    "object" : "odgovornaOsoba",
                    "edge" : "top"
                  },
                  "to" : {
                    "object" : "brojMjesta",
                    "edge" : "bottom"
                  },
                  "expectedDistance" : ">= 0px",
                  "realDistance" : "38px"
                } ],
                "highlight" : [ "odgovornaOsoba", "brojMjesta" ]
              } ]
            }, {
              "name" : "sprat",
              "specs" : [ {
                "status" : "info",
                "place" : {
                  "filePath" : "mobileUnos.gspec",
                  "lineNumber" : 71
                },
                "name" : "width 100 to 200 px",
                "meta" : [ {
                  "from" : {
                    "object" : "sprat",
                    "edge" : "left"
                  },
                  "to" : {
                    "object" : "sprat",
                    "edge" : "right"
                  },
                  "expectedDistance" : "100 to 200px",
                  "realDistance" : "142px"
                } ],
                "highlight" : [ "sprat" ]
              }, {
                "status" : "info",
                "place" : {
                  "filePath" : "mobileUnos.gspec",
                  "lineNumber" : 72
                },
                "name" : "below odgovornaOsoba",
                "meta" : [ {
                  "from" : {
                    "object" : "sprat",
                    "edge" : "top"
                  },
                  "to" : {
                    "object" : "odgovornaOsoba",
                    "edge" : "bottom"
                  },
                  "expectedDistance" : ">= 0px",
                  "realDistance" : "39px"
                } ],
                "highlight" : [ "sprat", "odgovornaOsoba" ]
              } ]
            }, {
              "name" : "unos",
              "specs" : [ {
                "status" : "info",
                "place" : {
                  "filePath" : "mobileUnos.gspec",
                  "lineNumber" : 74
                },
                "name" : "width 30 to 100px",
                "meta" : [ {
                  "from" : {
                    "object" : "unos",
                    "edge" : "left"
                  },
                  "to" : {
                    "object" : "unos",
                    "edge" : "right"
                  },
                  "expectedDistance" : "30 to 100px",
                  "realDistance" : "50px"
                } ],
                "highlight" : [ "unos" ]
              }, {
                "status" : "info",
                "place" : {
                  "filePath" : "mobileUnos.gspec",
                  "lineNumber" : 75
                },
                "name" : "below sprat",
                "meta" : [ {
                  "from" : {
                    "object" : "unos",
                    "edge" : "top"
                  },
                  "to" : {
                    "object" : "sprat",
                    "edge" : "bottom"
                  },
                  "expectedDistance" : ">= 0px",
                  "realDistance" : "23px"
                } ],
                "highlight" : [ "unos", "sprat" ]
              } ]
            }, {
              "name" : "labelNaziv",
              "specs" : [ {
                "status" : "info",
                "place" : {
                  "filePath" : "mobileUnos.gspec",
                  "lineNumber" : 77
                },
                "name" : "above naziv 0 to 30 px",
                "meta" : [ {
                  "from" : {
                    "object" : "labelNaziv",
                    "edge" : "bottom"
                  },
                  "to" : {
                    "object" : "naziv",
                    "edge" : "top"
                  },
                  "expectedDistance" : "0 to 30px",
                  "realDistance" : "0px"
                } ],
                "highlight" : [ "labelNaziv", "naziv" ]
              } ]
            }, {
              "name" : "labelBrojMjesta",
              "specs" : [ {
                "status" : "info",
                "place" : {
                  "filePath" : "mobileUnos.gspec",
                  "lineNumber" : 79
                },
                "name" : "above brojMjesta 0 to 30 px",
                "meta" : [ {
                  "from" : {
                    "object" : "labelBrojMjesta",
                    "edge" : "bottom"
                  },
                  "to" : {
                    "object" : "brojMjesta",
                    "edge" : "top"
                  },
                  "expectedDistance" : "0 to 30px",
                  "realDistance" : "1px"
                } ],
                "highlight" : [ "labelBrojMjesta", "brojMjesta" ]
              } ]
            }, {
              "name" : "labelOdgovornaOsoba",
              "specs" : [ {
                "status" : "info",
                "place" : {
                  "filePath" : "mobileUnos.gspec",
                  "lineNumber" : 81
                },
                "name" : "above odgovornaOsoba 0 to 30 px",
                "meta" : [ {
                  "from" : {
                    "object" : "labelOdgovornaOsoba",
                    "edge" : "bottom"
                  },
                  "to" : {
                    "object" : "odgovornaOsoba",
                    "edge" : "top"
                  },
                  "expectedDistance" : "0 to 30px",
                  "realDistance" : "0px"
                } ],
                "highlight" : [ "labelOdgovornaOsoba", "odgovornaOsoba" ]
              } ]
            }, {
              "name" : "labelSprat",
              "specs" : [ {
                "status" : "info",
                "place" : {
                  "filePath" : "mobileUnos.gspec",
                  "lineNumber" : 83
                },
                "name" : "above sprat 0 to 30 px",
                "meta" : [ {
                  "from" : {
                    "object" : "labelSprat",
                    "edge" : "bottom"
                  },
                  "to" : {
                    "object" : "sprat",
                    "edge" : "top"
                  },
                  "expectedDistance" : "0 to 30px",
                  "realDistance" : "1px"
                } ],
                "highlight" : [ "labelSprat", "sprat" ]
              } ]
            }, {
              "name" : "labelUnos",
              "specs" : [ {
                "status" : "info",
                "place" : {
                  "filePath" : "mobileUnos.gspec",
                  "lineNumber" : 85
                },
                "name" : "near unos -20 to 10 px top",
                "meta" : [ {
                  "from" : {
                    "object" : "labelUnos",
                    "edge" : "bottom"
                  },
                  "to" : {
                    "object" : "unos",
                    "edge" : "top"
                  },
                  "expectedDistance" : "-20 to 10px",
                  "realDistance" : "-15px"
                } ],
                "highlight" : [ "labelUnos", "unos" ]
              } ]
            } ]
          } ],
          "objects" : {
            "meni" : {
              "area" : [ 0, 50, 587, 270 ]
            },
            "slika" : {
              "area" : [ 258, 15, 70, 70 ]
            },
            "sprat" : {
              "area" : [ 222, 553, 142, 18 ]
            },
            "naziv" : {
              "area" : [ 222, 383, 142, 18 ]
            },
            "screen" : {
              "area" : [ 0, 0, 587, 687 ]
            },
            "list_item-2" : {
              "area" : [ 25, 168, 27, 17 ]
            },
            "labelBrojMjesta" : {
              "area" : [ 208, 401, 170, 38 ]
            },
            "list_item-3" : {
              "area" : [ 25, 206, 33, 17 ]
            },
            "list_item-4" : {
              "area" : [ 25, 244, 75, 17 ]
            },
            "label" : {
              "area" : [ 208, 345, 170, 38 ]
            },
            "unos" : {
              "area" : [ 318, 594, 50, 22 ]
            },
            "list_item-5" : {
              "area" : [ 25, 282, 40, 17 ]
            },
            "forma" : {
              "area" : [ 10, 345, 567, 286 ]
            },
            "sadrzaj" : {
              "area" : [ 0, 330, 587, 311 ]
            },
            "odgovornaOsoba" : {
              "area" : [ 222, 496, 142, 18 ]
            },
            "labelOdgovornaOsoba" : {
              "area" : [ 208, 458, 170, 38 ]
            },
            "labelNaziv" : {
              "area" : [ 208, 345, 170, 38 ]
            },
            "labelUnos" : {
              "area" : [ 208, 571, 170, 38 ]
            },
            "glavni" : {
              "area" : [ 0, 0, 587, 641 ]
            },
            "labelSprat" : {
              "area" : [ 208, 514, 170, 38 ]
            },
            "logo" : {
              "area" : [ 258, 15, 70, 70 ]
            },
            "brojMjesta" : {
              "area" : [ 222, 440, 142, 18 ]
            },
            "li" : {
              "area" : [ 15, 120, 572, 38 ]
            }
          },
          "screenshot" : "layout-1-screenshot.png",
          "type" : "layout"
        } ],
        "time" : 1573663152423,
        "type" : "node"
      } ],
      "time" : 1573663149579,
      "type" : "node"
    } ]
  }
}