{
  "testId" : "1-mobilepocetna.gspec",
  "name" : "mobilePocetna.gspec",
  "report" : {
    "nodes" : [ {
      "name" : "Simple check",
      "status" : "info",
      "nodes" : [ {
        "name" : "check  mobilePocetna.gspec --url http://localhost/pocetna.html --size 599x768 --htmlreport izvjestaji",
        "status" : "info",
        "nodes" : [ {
          "name" : "Check layout: mobilePocetna.gspec included tags: ",
          "status" : "info",
          "time" : 1573658295616,
          "sections" : [ {
            "name" : "Header section",
            "place" : {
              "filePath" : "mobilePocetna.gspec",
              "lineNumber" : 16
            },
            "objects" : [ {
              "name" : "glavni",
              "specs" : [ {
                "status" : "info",
                "place" : {
                  "filePath" : "mobilePocetna.gspec",
                  "lineNumber" : 18
                },
                "name" : "width < 600px",
                "meta" : [ {
                  "from" : {
                    "object" : "glavni",
                    "edge" : "left"
                  },
                  "to" : {
                    "object" : "glavni",
                    "edge" : "right"
                  },
                  "expectedDistance" : "< 600px",
                  "realDistance" : "205px"
                } ],
                "highlight" : [ "glavni" ]
              } ]
            }, {
              "name" : "meni",
              "specs" : [ {
                "status" : "info",
                "place" : {
                  "filePath" : "mobilePocetna.gspec",
                  "lineNumber" : 20
                },
                "name" : "width 95 to 100 % of glavni/width",
                "meta" : [ {
                  "from" : {
                    "object" : "meni",
                    "edge" : "left"
                  },
                  "to" : {
                    "object" : "meni",
                    "edge" : "right"
                  },
                  "expectedDistance" : "95 to 100% [194 to 205px]",
                  "realDistance" : "100% [205px]"
                } ],
                "highlight" : [ "meni" ]
              }, {
                "status" : "info",
                "place" : {
                  "filePath" : "mobilePocetna.gspec",
                  "lineNumber" : 21
                },
                "name" : "inside screen 50px top",
                "meta" : [ {
                  "from" : {
                    "object" : "meni",
                    "edge" : "top"
                  },
                  "to" : {
                    "object" : "screen",
                    "edge" : "top"
                  },
                  "expectedDistance" : "50px",
                  "realDistance" : "50px"
                } ],
                "highlight" : [ "meni", "screen" ]
              }, {
                "status" : "info",
                "place" : {
                  "filePath" : "mobilePocetna.gspec",
                  "lineNumber" : 22
                },
                "name" : "above sadrzaj 10px",
                "meta" : [ {
                  "from" : {
                    "object" : "meni",
                    "edge" : "bottom"
                  },
                  "to" : {
                    "object" : "sadrzaj",
                    "edge" : "top"
                  },
                  "expectedDistance" : "10px",
                  "realDistance" : "10px"
                } ],
                "highlight" : [ "meni", "sadrzaj" ]
              } ]
            }, {
              "name" : "li",
              "specs" : [ {
                "status" : "info",
                "place" : {
                  "filePath" : "mobilePocetna.gspec",
                  "lineNumber" : 24
                },
                "name" : "css display is \"list-item\"",
                "highlight" : [ "li" ]
              }, {
                "status" : "info",
                "place" : {
                  "filePath" : "mobilePocetna.gspec",
                  "lineNumber" : 36
                },
                "name" : "css list-style-type is \"none\"",
                "highlight" : [ "li" ]
              } ]
            }, {
              "name" : "list_item-1",
              "specs" : [ {
                "status" : "info",
                "place" : {
                  "filePath" : "mobilePocetna.gspec",
                  "lineNumber" : 26
                },
                "name" : "css text-decoration-line is \"none\"",
                "highlight" : [ "list_item-1" ]
              } ]
            }, {
              "name" : "list_item-2",
              "specs" : [ {
                "status" : "info",
                "place" : {
                  "filePath" : "mobilePocetna.gspec",
                  "lineNumber" : 28
                },
                "name" : "text contains \"Sale\"",
                "highlight" : [ "list_item-2" ]
              } ]
            }, {
              "name" : "list_item-3",
              "specs" : [ {
                "status" : "info",
                "place" : {
                  "filePath" : "mobilePocetna.gspec",
                  "lineNumber" : 30
                },
                "name" : "text contains \"Unos\"",
                "highlight" : [ "list_item-3" ]
              } ]
            }, {
              "name" : "list_item-4",
              "specs" : [ {
                "status" : "info",
                "place" : {
                  "filePath" : "mobilePocetna.gspec",
                  "lineNumber" : 32
                },
                "name" : "text contains \"Rezervacije\"",
                "highlight" : [ "list_item-4" ]
              } ]
            }, {
              "name" : "list_item-5",
              "specs" : [ {
                "status" : "info",
                "place" : {
                  "filePath" : "mobilePocetna.gspec",
                  "lineNumber" : 34
                },
                "name" : "text contains \"Osobe\"",
                "highlight" : [ "list_item-5" ]
              } ]
            }, {
              "name" : "logo",
              "specs" : [ {
                "status" : "info",
                "place" : {
                  "filePath" : "mobilePocetna.gspec",
                  "lineNumber" : 38
                },
                "name" : "width 70px",
                "meta" : [ {
                  "from" : {
                    "object" : "logo",
                    "edge" : "left"
                  },
                  "to" : {
                    "object" : "logo",
                    "edge" : "right"
                  },
                  "expectedDistance" : "70px",
                  "realDistance" : "70px"
                } ],
                "highlight" : [ "logo" ]
              }, {
                "status" : "info",
                "place" : {
                  "filePath" : "mobilePocetna.gspec",
                  "lineNumber" : 39
                },
                "name" : "height 70px",
                "meta" : [ {
                  "from" : {
                    "object" : "logo",
                    "edge" : "top"
                  },
                  "to" : {
                    "object" : "logo",
                    "edge" : "bottom"
                  },
                  "expectedDistance" : "70px",
                  "realDistance" : "70px"
                } ],
                "highlight" : [ "logo" ]
              }, {
                "status" : "info",
                "place" : {
                  "filePath" : "mobilePocetna.gspec",
                  "lineNumber" : 40
                },
                "name" : "contains slika",
                "highlight" : [ "logo", "slika" ]
              }, {
                "status" : "info",
                "place" : {
                  "filePath" : "mobilePocetna.gspec",
                  "lineNumber" : 41
                },
                "name" : "inside partly meni -35px top",
                "meta" : [ {
                  "from" : {
                    "object" : "logo",
                    "edge" : "top"
                  },
                  "to" : {
                    "object" : "meni",
                    "edge" : "top"
                  },
                  "expectedDistance" : "-35px",
                  "realDistance" : "-35px"
                } ],
                "highlight" : [ "logo", "meni" ]
              } ]
            }, {
              "name" : "comments",
              "specs" : [ {
                "status" : "info",
                "place" : {
                  "filePath" : "mobilePocetna.gspec",
                  "lineNumber" : 43
                },
                "name" : "absent",
                "highlight" : [ ]
              } ]
            } ]
          }, {
            "name" : "Main section",
            "place" : {
              "filePath" : "mobilePocetna.gspec",
              "lineNumber" : 44
            },
            "objects" : [ {
              "name" : "sadrzaj",
              "specs" : [ {
                "status" : "info",
                "place" : {
                  "filePath" : "mobilePocetna.gspec",
                  "lineNumber" : 46
                },
                "name" : "width 90 to 100% of glavni/width",
                "meta" : [ {
                  "from" : {
                    "object" : "sadrzaj",
                    "edge" : "left"
                  },
                  "to" : {
                    "object" : "sadrzaj",
                    "edge" : "right"
                  },
                  "expectedDistance" : "90 to 100% [184 to 205px]",
                  "realDistance" : "100% [205px]"
                } ],
                "highlight" : [ "sadrzaj" ]
              }, {
                "status" : "info",
                "place" : {
                  "filePath" : "mobilePocetna.gspec",
                  "lineNumber" : 47
                },
                "name" : "css background-color is \"rgb(100, 149, 237)\"",
                "highlight" : [ "sadrzaj" ]
              } ]
            }, {
              "name" : "grid",
              "specs" : [ {
                "status" : "info",
                "place" : {
                  "filePath" : "mobilePocetna.gspec",
                  "lineNumber" : 49
                },
                "name" : "css display is \"grid\"",
                "highlight" : [ "grid" ]
              }, {
                "status" : "info",
                "place" : {
                  "filePath" : "mobilePocetna.gspec",
                  "lineNumber" : 50
                },
                "name" : "inside sadrzaj 15 px top",
                "meta" : [ {
                  "from" : {
                    "object" : "grid",
                    "edge" : "top"
                  },
                  "to" : {
                    "object" : "sadrzaj",
                    "edge" : "top"
                  },
                  "expectedDistance" : "15px",
                  "realDistance" : "15px"
                } ],
                "highlight" : [ "grid", "sadrzaj" ]
              }, {
                "status" : "info",
                "place" : {
                  "filePath" : "mobilePocetna.gspec",
                  "lineNumber" : 51
                },
                "name" : "count any grid_item-* is 10",
                "highlight" : [ "grid_item-9", "grid_item-7", "grid_item-8", "grid_item-5", "grid_item-6", "grid_item-3", "grid_item-4", "grid_item-10", "grid_item-1", "grid_item-2" ]
              } ]
            }, {
              "name" : "slike",
              "specs" : [ {
                "status" : "info",
                "place" : {
                  "filePath" : "mobilePocetna.gspec",
                  "lineNumber" : 53
                },
                "name" : "inside grid",
                "meta" : [ ],
                "highlight" : [ "slike", "grid" ]
              }, {
                "status" : "info",
                "place" : {
                  "filePath" : "mobilePocetna.gspec",
                  "lineNumber" : 54
                },
                "name" : "width 160 px",
                "meta" : [ {
                  "from" : {
                    "object" : "slike",
                    "edge" : "left"
                  },
                  "to" : {
                    "object" : "slike",
                    "edge" : "right"
                  },
                  "expectedDistance" : "160px",
                  "realDistance" : "160px"
                } ],
                "highlight" : [ "slike" ]
              }, {
                "status" : "info",
                "place" : {
                  "filePath" : "mobilePocetna.gspec",
                  "lineNumber" : 55
                },
                "name" : "height 160 px",
                "meta" : [ {
                  "from" : {
                    "object" : "slike",
                    "edge" : "top"
                  },
                  "to" : {
                    "object" : "slike",
                    "edge" : "bottom"
                  },
                  "expectedDistance" : "160px",
                  "realDistance" : "160px"
                } ],
                "highlight" : [ "slike" ]
              } ]
            }, {
              "name" : "grid_item-1",
              "specs" : [ {
                "status" : "info",
                "place" : {
                  "filePath" : "mobilePocetna.gspec",
                  "lineNumber" : 57
                },
                "name" : "aligned vertically all grid_item-2",
                "highlight" : [ "grid_item-1", "grid_item-2" ]
              }, {
                "status" : "info",
                "place" : {
                  "filePath" : "mobilePocetna.gspec",
                  "lineNumber" : 58
                },
                "name" : "aligned vertically all grid_item-3",
                "highlight" : [ "grid_item-1", "grid_item-3" ]
              }, {
                "status" : "info",
                "place" : {
                  "filePath" : "mobilePocetna.gspec",
                  "lineNumber" : 59
                },
                "name" : "aligned vertically all grid_item-4",
                "highlight" : [ "grid_item-1", "grid_item-4" ]
              }, {
                "status" : "info",
                "place" : {
                  "filePath" : "mobilePocetna.gspec",
                  "lineNumber" : 60
                },
                "name" : "aligned vertically all grid_item-5",
                "highlight" : [ "grid_item-1", "grid_item-5" ]
              }, {
                "status" : "info",
                "place" : {
                  "filePath" : "mobilePocetna.gspec",
                  "lineNumber" : 61
                },
                "name" : "aligned vertically all grid_item-6",
                "highlight" : [ "grid_item-1", "grid_item-6" ]
              }, {
                "status" : "info",
                "place" : {
                  "filePath" : "mobilePocetna.gspec",
                  "lineNumber" : 62
                },
                "name" : "aligned vertically all grid_item-7",
                "highlight" : [ "grid_item-1", "grid_item-7" ]
              }, {
                "status" : "info",
                "place" : {
                  "filePath" : "mobilePocetna.gspec",
                  "lineNumber" : 63
                },
                "name" : "aligned vertically all grid_item-8",
                "highlight" : [ "grid_item-1", "grid_item-8" ]
              }, {
                "status" : "info",
                "place" : {
                  "filePath" : "mobilePocetna.gspec",
                  "lineNumber" : 64
                },
                "name" : "aligned vertically all grid_item-9",
                "highlight" : [ "grid_item-1", "grid_item-9" ]
              }, {
                "status" : "info",
                "place" : {
                  "filePath" : "mobilePocetna.gspec",
                  "lineNumber" : 65
                },
                "name" : "aligned vertically all grid_item-10",
                "highlight" : [ "grid_item-1", "grid_item-10" ]
              } ]
            } ]
          } ],
          "objects" : {
            "meni" : {
              "area" : [ 182, 50, 205, 270 ]
            },
            "slika" : {
              "area" : [ 250, 15, 70, 70 ]
            },
            "list_item-1" : {
              "area" : [ 207, 130, 50, 17 ]
            },
            "screen" : {
              "area" : [ 0, 0, 570, 2098 ]
            },
            "list_item-2" : {
              "area" : [ 207, 168, 27, 17 ]
            },
            "list_item-3" : {
              "area" : [ 207, 206, 33, 17 ]
            },
            "list_item-4" : {
              "area" : [ 207, 244, 75, 17 ]
            },
            "list_item-5" : {
              "area" : [ 207, 282, 40, 17 ]
            },
            "slike" : {
              "area" : [ 197, 345, 160, 160 ]
            },
            "sadrzaj" : {
              "area" : [ 182, 330, 205, 1768 ]
            },
            "grid" : {
              "area" : [ 192, 345, 185, 1743 ]
            },
            "grid_item-9" : {
              "area" : [ 197, 1749, 200, 163 ]
            },
            "glavni" : {
              "area" : [ 182, 0, 205, 2098 ]
            },
            "grid_item-7" : {
              "area" : [ 197, 1398, 200, 163 ]
            },
            "logo" : {
              "area" : [ 250, 15, 70, 70 ]
            },
            "grid_item-8" : {
              "area" : [ 197, 1573, 200, 163 ]
            },
            "grid_item-5" : {
              "area" : [ 197, 1047, 200, 163 ]
            },
            "grid_item-6" : {
              "area" : [ 197, 1222, 200, 163 ]
            },
            "grid_item-3" : {
              "area" : [ 197, 696, 200, 163 ]
            },
            "li" : {
              "area" : [ 197, 120, 190, 38 ]
            },
            "grid_item-4" : {
              "area" : [ 197, 871, 200, 163 ]
            },
            "grid_item-10" : {
              "area" : [ 197, 1924, 200, 163 ]
            },
            "grid_item-1" : {
              "area" : [ 197, 345, 200, 163 ]
            },
            "grid_item-2" : {
              "area" : [ 197, 520, 200, 163 ]
            }
          },
          "screenshot" : "layout-1-screenshot.png",
          "type" : "layout"
        } ],
        "time" : 1573658293994,
        "type" : "node"
      } ],
      "time" : 1573658291107,
      "type" : "node"
    } ]
  }
}