{
  "testId" : "1-saletest.gspec",
  "name" : "saletest.gspec",
  "report" : {
    "nodes" : [ {
      "name" : "Mutation test",
      "status" : "info",
      "nodes" : [ {
        "name" : "check  saletest.gspec --url http://localhost/sale.html --size 1024x768 --offset 5 --htmlreport Sale1024MRep",
        "status" : "info",
        "nodes" : [ {
          "name" : "Check layout: saletest.gspec included tags: ",
          "status" : "info",
          "time" : 1573672711634,
          "sections" : [ {
            "name" : "meni section",
            "place" : {
              "filePath" : "saletest.gspec",
              "lineNumber" : 24
            },
            "objects" : [ {
              "name" : "body",
              "specs" : [ {
                "status" : "info",
                "place" : {
                  "filePath" : "saletest.gspec",
                  "lineNumber" : 27
                },
                "name" : "css background-color is \"rgba(0, 0, 0, 0)\"",
                "highlight" : [ "body" ]
              } ]
            }, {
              "name" : "meni",
              "specs" : [ {
                "status" : "info",
                "place" : {
                  "filePath" : "saletest.gspec",
                  "lineNumber" : 29
                },
                "name" : "inside body 0px top",
                "meta" : [ {
                  "from" : {
                    "object" : "meni",
                    "edge" : "top"
                  },
                  "to" : {
                    "object" : "body",
                    "edge" : "top"
                  },
                  "expectedDistance" : "0px",
                  "realDistance" : "0px"
                } ],
                "highlight" : [ "meni", "body" ]
              }, {
                "status" : "info",
                "place" : {
                  "filePath" : "saletest.gspec",
                  "lineNumber" : 30
                },
                "name" : "above sadrzaj 19px",
                "meta" : [ {
                  "from" : {
                    "object" : "meni",
                    "edge" : "bottom"
                  },
                  "to" : {
                    "object" : "sadrzaj",
                    "edge" : "top"
                  },
                  "expectedDistance" : "19px",
                  "realDistance" : "19px"
                } ],
                "highlight" : [ "meni", "sadrzaj" ]
              }, {
                "status" : "info",
                "place" : {
                  "filePath" : "saletest.gspec",
                  "lineNumber" : 31
                },
                "name" : "contains partly logo",
                "highlight" : [ "meni", "logo" ]
              }, {
                "status" : "info",
                "place" : {
                  "filePath" : "saletest.gspec",
                  "lineNumber" : 32
                },
                "name" : "contains elementLIste-*",
                "highlight" : [ "meni", "elementLIste-1", "elementLIste-2", "elementLIste-3", "elementLIste-4", "elementLIste-5" ]
              }, {
                "status" : "info",
                "place" : {
                  "filePath" : "saletest.gspec",
                  "lineNumber" : 33
                },
                "name" : "css background-color is \"rgba(100, 149, 237, 1)\"",
                "highlight" : [ "meni" ]
              } ]
            }, {
              "name" : "logo",
              "specs" : [ {
                "status" : "info",
                "place" : {
                  "filePath" : "saletest.gspec",
                  "lineNumber" : 35
                },
                "name" : "width ~ 70px",
                "meta" : [ {
                  "from" : {
                    "object" : "logo",
                    "edge" : "left"
                  },
                  "to" : {
                    "object" : "logo",
                    "edge" : "right"
                  },
                  "expectedDistance" : "68 to 72px",
                  "realDistance" : "70px"
                } ],
                "highlight" : [ "logo" ]
              }, {
                "status" : "info",
                "place" : {
                  "filePath" : "saletest.gspec",
                  "lineNumber" : 36
                },
                "name" : "height ~ 50px",
                "meta" : [ {
                  "from" : {
                    "object" : "logo",
                    "edge" : "top"
                  },
                  "to" : {
                    "object" : "logo",
                    "edge" : "bottom"
                  },
                  "expectedDistance" : "48 to 52px",
                  "realDistance" : "50px"
                } ],
                "highlight" : [ "logo" ]
              }, {
                "status" : "info",
                "place" : {
                  "filePath" : "saletest.gspec",
                  "lineNumber" : 37
                },
                "name" : "inside partly meni",
                "meta" : [ ],
                "highlight" : [ "logo", "meni" ]
              } ]
            }, {
              "name" : "slika",
              "specs" : [ {
                "status" : "info",
                "place" : {
                  "filePath" : "saletest.gspec",
                  "lineNumber" : 39
                },
                "name" : "width ~ 70px",
                "meta" : [ {
                  "from" : {
                    "object" : "slika",
                    "edge" : "left"
                  },
                  "to" : {
                    "object" : "slika",
                    "edge" : "right"
                  },
                  "expectedDistance" : "68 to 72px",
                  "realDistance" : "70px"
                } ],
                "highlight" : [ "slika" ]
              }, {
                "status" : "info",
                "place" : {
                  "filePath" : "saletest.gspec",
                  "lineNumber" : 40
                },
                "name" : "height ~ 50px",
                "meta" : [ {
                  "from" : {
                    "object" : "slika",
                    "edge" : "top"
                  },
                  "to" : {
                    "object" : "slika",
                    "edge" : "bottom"
                  },
                  "expectedDistance" : "48 to 52px",
                  "realDistance" : "50px"
                } ],
                "highlight" : [ "slika" ]
              }, {
                "status" : "info",
                "place" : {
                  "filePath" : "saletest.gspec",
                  "lineNumber" : 41
                },
                "name" : "inside logo",
                "meta" : [ ],
                "highlight" : [ "slika", "logo" ]
              } ]
            }, {
              "name" : "elementLIste-1",
              "specs" : [ {
                "status" : "info",
                "place" : {
                  "filePath" : "saletest.gspec",
                  "lineNumber" : 45
                },
                "name" : "left-of elementLIste-2  <6px",
                "meta" : [ {
                  "from" : {
                    "object" : "elementLIste-1",
                    "edge" : "right"
                  },
                  "to" : {
                    "object" : "elementLIste-2",
                    "edge" : "left"
                  },
                  "expectedDistance" : "< 6px",
                  "realDistance" : "4px"
                } ],
                "highlight" : [ "elementLIste-1", "elementLIste-2" ]
              }, {
                "status" : "info",
                "place" : {
                  "filePath" : "saletest.gspec",
                  "lineNumber" : 46
                },
                "name" : "left-of elementLIste-2  >2px",
                "meta" : [ {
                  "from" : {
                    "object" : "elementLIste-1",
                    "edge" : "right"
                  },
                  "to" : {
                    "object" : "elementLIste-2",
                    "edge" : "left"
                  },
                  "expectedDistance" : "> 2px",
                  "realDistance" : "4px"
                } ],
                "highlight" : [ "elementLIste-1", "elementLIste-2" ]
              }, {
                "status" : "info",
                "place" : {
                  "filePath" : "saletest.gspec",
                  "lineNumber" : 47
                },
                "name" : "aligned horizontally all elementLIste-2",
                "highlight" : [ "elementLIste-1", "elementLIste-2" ]
              } ]
            }, {
              "name" : "elementLIste-2",
              "specs" : [ {
                "status" : "info",
                "place" : {
                  "filePath" : "saletest.gspec",
                  "lineNumber" : 45
                },
                "name" : "left-of elementLIste-3  <6px",
                "meta" : [ {
                  "from" : {
                    "object" : "elementLIste-2",
                    "edge" : "right"
                  },
                  "to" : {
                    "object" : "elementLIste-3",
                    "edge" : "left"
                  },
                  "expectedDistance" : "< 6px",
                  "realDistance" : "4px"
                } ],
                "highlight" : [ "elementLIste-2", "elementLIste-3" ]
              }, {
                "status" : "info",
                "place" : {
                  "filePath" : "saletest.gspec",
                  "lineNumber" : 46
                },
                "name" : "left-of elementLIste-3  >2px",
                "meta" : [ {
                  "from" : {
                    "object" : "elementLIste-2",
                    "edge" : "right"
                  },
                  "to" : {
                    "object" : "elementLIste-3",
                    "edge" : "left"
                  },
                  "expectedDistance" : "> 2px",
                  "realDistance" : "4px"
                } ],
                "highlight" : [ "elementLIste-2", "elementLIste-3" ]
              }, {
                "status" : "info",
                "place" : {
                  "filePath" : "saletest.gspec",
                  "lineNumber" : 47
                },
                "name" : "aligned horizontally all elementLIste-3",
                "highlight" : [ "elementLIste-2", "elementLIste-3" ]
              } ]
            }, {
              "name" : "elementLIste-3",
              "specs" : [ {
                "status" : "info",
                "place" : {
                  "filePath" : "saletest.gspec",
                  "lineNumber" : 45
                },
                "name" : "left-of elementLIste-4  <6px",
                "meta" : [ {
                  "from" : {
                    "object" : "elementLIste-3",
                    "edge" : "right"
                  },
                  "to" : {
                    "object" : "elementLIste-4",
                    "edge" : "left"
                  },
                  "expectedDistance" : "< 6px",
                  "realDistance" : "3px"
                } ],
                "highlight" : [ "elementLIste-3", "elementLIste-4" ]
              }, {
                "status" : "info",
                "place" : {
                  "filePath" : "saletest.gspec",
                  "lineNumber" : 46
                },
                "name" : "left-of elementLIste-4  >2px",
                "meta" : [ {
                  "from" : {
                    "object" : "elementLIste-3",
                    "edge" : "right"
                  },
                  "to" : {
                    "object" : "elementLIste-4",
                    "edge" : "left"
                  },
                  "expectedDistance" : "> 2px",
                  "realDistance" : "3px"
                } ],
                "highlight" : [ "elementLIste-3", "elementLIste-4" ]
              }, {
                "status" : "info",
                "place" : {
                  "filePath" : "saletest.gspec",
                  "lineNumber" : 47
                },
                "name" : "aligned horizontally all elementLIste-4",
                "highlight" : [ "elementLIste-3", "elementLIste-4" ]
              } ]
            }, {
              "name" : "elementLIste-4",
              "specs" : [ {
                "status" : "info",
                "place" : {
                  "filePath" : "saletest.gspec",
                  "lineNumber" : 45
                },
                "name" : "left-of elementLIste-5  <6px",
                "meta" : [ {
                  "from" : {
                    "object" : "elementLIste-4",
                    "edge" : "right"
                  },
                  "to" : {
                    "object" : "elementLIste-5",
                    "edge" : "left"
                  },
                  "expectedDistance" : "< 6px",
                  "realDistance" : "5px"
                } ],
                "highlight" : [ "elementLIste-4", "elementLIste-5" ]
              }, {
                "status" : "info",
                "place" : {
                  "filePath" : "saletest.gspec",
                  "lineNumber" : 46
                },
                "name" : "left-of elementLIste-5  >2px",
                "meta" : [ {
                  "from" : {
                    "object" : "elementLIste-4",
                    "edge" : "right"
                  },
                  "to" : {
                    "object" : "elementLIste-5",
                    "edge" : "left"
                  },
                  "expectedDistance" : "> 2px",
                  "realDistance" : "5px"
                } ],
                "highlight" : [ "elementLIste-4", "elementLIste-5" ]
              }, {
                "status" : "info",
                "place" : {
                  "filePath" : "saletest.gspec",
                  "lineNumber" : 47
                },
                "name" : "aligned horizontally all elementLIste-5",
                "highlight" : [ "elementLIste-4", "elementLIste-5" ]
              } ]
            } ]
          }, {
            "name" : "test2",
            "place" : {
              "filePath" : "saletest.gspec",
              "lineNumber" : 48
            },
            "objects" : [ {
              "name" : "red-1",
              "specs" : [ {
                "status" : "info",
                "place" : {
                  "filePath" : "saletest.gspec",
                  "lineNumber" : 52
                },
                "name" : "above red-2 < 2px",
                "meta" : [ {
                  "from" : {
                    "object" : "red-1",
                    "edge" : "bottom"
                  },
                  "to" : {
                    "object" : "red-2",
                    "edge" : "top"
                  },
                  "expectedDistance" : "< 2px",
                  "realDistance" : "-1px"
                } ],
                "highlight" : [ "red-1", "red-2" ]
              }, {
                "status" : "info",
                "place" : {
                  "filePath" : "saletest.gspec",
                  "lineNumber" : 53
                },
                "name" : "above red-2 > -2px",
                "meta" : [ {
                  "from" : {
                    "object" : "red-1",
                    "edge" : "bottom"
                  },
                  "to" : {
                    "object" : "red-2",
                    "edge" : "top"
                  },
                  "expectedDistance" : "> -2px",
                  "realDistance" : "-1px"
                } ],
                "highlight" : [ "red-1", "red-2" ]
              } ]
            }, {
              "name" : "red-2",
              "specs" : [ {
                "status" : "info",
                "place" : {
                  "filePath" : "saletest.gspec",
                  "lineNumber" : 52
                },
                "name" : "above red-3 < 2px",
                "meta" : [ {
                  "from" : {
                    "object" : "red-2",
                    "edge" : "bottom"
                  },
                  "to" : {
                    "object" : "red-3",
                    "edge" : "top"
                  },
                  "expectedDistance" : "< 2px",
                  "realDistance" : "0px"
                } ],
                "highlight" : [ "red-2", "red-3" ]
              }, {
                "status" : "info",
                "place" : {
                  "filePath" : "saletest.gspec",
                  "lineNumber" : 53
                },
                "name" : "above red-3 > -2px",
                "meta" : [ {
                  "from" : {
                    "object" : "red-2",
                    "edge" : "bottom"
                  },
                  "to" : {
                    "object" : "red-3",
                    "edge" : "top"
                  },
                  "expectedDistance" : "> -2px",
                  "realDistance" : "0px"
                } ],
                "highlight" : [ "red-2", "red-3" ]
              } ]
            }, {
              "name" : "red-3",
              "specs" : [ {
                "status" : "info",
                "place" : {
                  "filePath" : "saletest.gspec",
                  "lineNumber" : 52
                },
                "name" : "above red-4 < 2px",
                "meta" : [ {
                  "from" : {
                    "object" : "red-3",
                    "edge" : "bottom"
                  },
                  "to" : {
                    "object" : "red-4",
                    "edge" : "top"
                  },
                  "expectedDistance" : "< 2px",
                  "realDistance" : "-1px"
                } ],
                "highlight" : [ "red-3", "red-4" ]
              }, {
                "status" : "info",
                "place" : {
                  "filePath" : "saletest.gspec",
                  "lineNumber" : 53
                },
                "name" : "above red-4 > -2px",
                "meta" : [ {
                  "from" : {
                    "object" : "red-3",
                    "edge" : "bottom"
                  },
                  "to" : {
                    "object" : "red-4",
                    "edge" : "top"
                  },
                  "expectedDistance" : "> -2px",
                  "realDistance" : "-1px"
                } ],
                "highlight" : [ "red-3", "red-4" ]
              } ]
            }, {
              "name" : "red-4",
              "specs" : [ {
                "status" : "info",
                "place" : {
                  "filePath" : "saletest.gspec",
                  "lineNumber" : 52
                },
                "name" : "above red-5 < 2px",
                "meta" : [ {
                  "from" : {
                    "object" : "red-4",
                    "edge" : "bottom"
                  },
                  "to" : {
                    "object" : "red-5",
                    "edge" : "top"
                  },
                  "expectedDistance" : "< 2px",
                  "realDistance" : "0px"
                } ],
                "highlight" : [ "red-4", "red-5" ]
              }, {
                "status" : "info",
                "place" : {
                  "filePath" : "saletest.gspec",
                  "lineNumber" : 53
                },
                "name" : "above red-5 > -2px",
                "meta" : [ {
                  "from" : {
                    "object" : "red-4",
                    "edge" : "bottom"
                  },
                  "to" : {
                    "object" : "red-5",
                    "edge" : "top"
                  },
                  "expectedDistance" : "> -2px",
                  "realDistance" : "0px"
                } ],
                "highlight" : [ "red-4", "red-5" ]
              } ]
            }, {
              "name" : "red-5",
              "specs" : [ {
                "status" : "info",
                "place" : {
                  "filePath" : "saletest.gspec",
                  "lineNumber" : 52
                },
                "name" : "above red-6 < 2px",
                "meta" : [ {
                  "from" : {
                    "object" : "red-5",
                    "edge" : "bottom"
                  },
                  "to" : {
                    "object" : "red-6",
                    "edge" : "top"
                  },
                  "expectedDistance" : "< 2px",
                  "realDistance" : "0px"
                } ],
                "highlight" : [ "red-5", "red-6" ]
              }, {
                "status" : "info",
                "place" : {
                  "filePath" : "saletest.gspec",
                  "lineNumber" : 53
                },
                "name" : "above red-6 > -2px",
                "meta" : [ {
                  "from" : {
                    "object" : "red-5",
                    "edge" : "bottom"
                  },
                  "to" : {
                    "object" : "red-6",
                    "edge" : "top"
                  },
                  "expectedDistance" : "> -2px",
                  "realDistance" : "0px"
                } ],
                "highlight" : [ "red-5", "red-6" ]
              } ]
            }, {
              "name" : "red-6",
              "specs" : [ {
                "status" : "info",
                "place" : {
                  "filePath" : "saletest.gspec",
                  "lineNumber" : 52
                },
                "name" : "above red-7 < 2px",
                "meta" : [ {
                  "from" : {
                    "object" : "red-6",
                    "edge" : "bottom"
                  },
                  "to" : {
                    "object" : "red-7",
                    "edge" : "top"
                  },
                  "expectedDistance" : "< 2px",
                  "realDistance" : "0px"
                } ],
                "highlight" : [ "red-6", "red-7" ]
              }, {
                "status" : "info",
                "place" : {
                  "filePath" : "saletest.gspec",
                  "lineNumber" : 53
                },
                "name" : "above red-7 > -2px",
                "meta" : [ {
                  "from" : {
                    "object" : "red-6",
                    "edge" : "bottom"
                  },
                  "to" : {
                    "object" : "red-7",
                    "edge" : "top"
                  },
                  "expectedDistance" : "> -2px",
                  "realDistance" : "0px"
                } ],
                "highlight" : [ "red-6", "red-7" ]
              } ]
            }, {
              "name" : "red-7",
              "specs" : [ {
                "status" : "info",
                "place" : {
                  "filePath" : "saletest.gspec",
                  "lineNumber" : 52
                },
                "name" : "above red-8 < 2px",
                "meta" : [ {
                  "from" : {
                    "object" : "red-7",
                    "edge" : "bottom"
                  },
                  "to" : {
                    "object" : "red-8",
                    "edge" : "top"
                  },
                  "expectedDistance" : "< 2px",
                  "realDistance" : "0px"
                } ],
                "highlight" : [ "red-7", "red-8" ]
              }, {
                "status" : "info",
                "place" : {
                  "filePath" : "saletest.gspec",
                  "lineNumber" : 53
                },
                "name" : "above red-8 > -2px",
                "meta" : [ {
                  "from" : {
                    "object" : "red-7",
                    "edge" : "bottom"
                  },
                  "to" : {
                    "object" : "red-8",
                    "edge" : "top"
                  },
                  "expectedDistance" : "> -2px",
                  "realDistance" : "0px"
                } ],
                "highlight" : [ "red-7", "red-8" ]
              } ]
            }, {
              "name" : "red-8",
              "specs" : [ {
                "status" : "info",
                "place" : {
                  "filePath" : "saletest.gspec",
                  "lineNumber" : 52
                },
                "name" : "above red-9 < 2px",
                "meta" : [ {
                  "from" : {
                    "object" : "red-8",
                    "edge" : "bottom"
                  },
                  "to" : {
                    "object" : "red-9",
                    "edge" : "top"
                  },
                  "expectedDistance" : "< 2px",
                  "realDistance" : "1px"
                } ],
                "highlight" : [ "red-8", "red-9" ]
              }, {
                "status" : "info",
                "place" : {
                  "filePath" : "saletest.gspec",
                  "lineNumber" : 53
                },
                "name" : "above red-9 > -2px",
                "meta" : [ {
                  "from" : {
                    "object" : "red-8",
                    "edge" : "bottom"
                  },
                  "to" : {
                    "object" : "red-9",
                    "edge" : "top"
                  },
                  "expectedDistance" : "> -2px",
                  "realDistance" : "1px"
                } ],
                "highlight" : [ "red-8", "red-9" ]
              } ]
            }, {
              "name" : "red-9",
              "specs" : [ {
                "status" : "info",
                "place" : {
                  "filePath" : "saletest.gspec",
                  "lineNumber" : 52
                },
                "name" : "above red-10 < 2px",
                "meta" : [ {
                  "from" : {
                    "object" : "red-9",
                    "edge" : "bottom"
                  },
                  "to" : {
                    "object" : "red-10",
                    "edge" : "top"
                  },
                  "expectedDistance" : "< 2px",
                  "realDistance" : "0px"
                } ],
                "highlight" : [ "red-9", "red-10" ]
              }, {
                "status" : "info",
                "place" : {
                  "filePath" : "saletest.gspec",
                  "lineNumber" : 53
                },
                "name" : "above red-10 > -2px",
                "meta" : [ {
                  "from" : {
                    "object" : "red-9",
                    "edge" : "bottom"
                  },
                  "to" : {
                    "object" : "red-10",
                    "edge" : "top"
                  },
                  "expectedDistance" : "> -2px",
                  "realDistance" : "0px"
                } ],
                "highlight" : [ "red-9", "red-10" ]
              } ]
            }, {
              "name" : "red-10",
              "specs" : [ {
                "status" : "info",
                "place" : {
                  "filePath" : "saletest.gspec",
                  "lineNumber" : 52
                },
                "name" : "above red-11 < 2px",
                "meta" : [ {
                  "from" : {
                    "object" : "red-10",
                    "edge" : "bottom"
                  },
                  "to" : {
                    "object" : "red-11",
                    "edge" : "top"
                  },
                  "expectedDistance" : "< 2px",
                  "realDistance" : "1px"
                } ],
                "highlight" : [ "red-10", "red-11" ]
              }, {
                "status" : "info",
                "place" : {
                  "filePath" : "saletest.gspec",
                  "lineNumber" : 53
                },
                "name" : "above red-11 > -2px",
                "meta" : [ {
                  "from" : {
                    "object" : "red-10",
                    "edge" : "bottom"
                  },
                  "to" : {
                    "object" : "red-11",
                    "edge" : "top"
                  },
                  "expectedDistance" : "> -2px",
                  "realDistance" : "1px"
                } ],
                "highlight" : [ "red-10", "red-11" ]
              } ]
            } ]
          }, {
            "name" : "test3",
            "place" : {
              "filePath" : "saletest.gspec",
              "lineNumber" : 55
            },
            "objects" : [ {
              "name" : "drugi-1",
              "specs" : [ {
                "status" : "info",
                "place" : {
                  "filePath" : "saletest.gspec",
                  "lineNumber" : 58
                },
                "name" : "left-of drugi-2  <2px",
                "meta" : [ {
                  "from" : {
                    "object" : "drugi-1",
                    "edge" : "right"
                  },
                  "to" : {
                    "object" : "drugi-2",
                    "edge" : "left"
                  },
                  "expectedDistance" : "< 2px",
                  "realDistance" : "1px"
                } ],
                "highlight" : [ "drugi-1", "drugi-2" ]
              }, {
                "status" : "info",
                "place" : {
                  "filePath" : "saletest.gspec",
                  "lineNumber" : 59
                },
                "name" : "left-of drugi-2  >-2px",
                "meta" : [ {
                  "from" : {
                    "object" : "drugi-1",
                    "edge" : "right"
                  },
                  "to" : {
                    "object" : "drugi-2",
                    "edge" : "left"
                  },
                  "expectedDistance" : "> -2px",
                  "realDistance" : "1px"
                } ],
                "highlight" : [ "drugi-1", "drugi-2" ]
              }, {
                "status" : "info",
                "place" : {
                  "filePath" : "saletest.gspec",
                  "lineNumber" : 60
                },
                "name" : "aligned horizontally all drugi-2",
                "highlight" : [ "drugi-1", "drugi-2" ]
              } ]
            }, {
              "name" : "drugi-2",
              "specs" : [ {
                "status" : "info",
                "place" : {
                  "filePath" : "saletest.gspec",
                  "lineNumber" : 58
                },
                "name" : "left-of drugi-3  <2px",
                "meta" : [ {
                  "from" : {
                    "object" : "drugi-2",
                    "edge" : "right"
                  },
                  "to" : {
                    "object" : "drugi-3",
                    "edge" : "left"
                  },
                  "expectedDistance" : "< 2px",
                  "realDistance" : "0px"
                } ],
                "highlight" : [ "drugi-2", "drugi-3" ]
              }, {
                "status" : "info",
                "place" : {
                  "filePath" : "saletest.gspec",
                  "lineNumber" : 59
                },
                "name" : "left-of drugi-3  >-2px",
                "meta" : [ {
                  "from" : {
                    "object" : "drugi-2",
                    "edge" : "right"
                  },
                  "to" : {
                    "object" : "drugi-3",
                    "edge" : "left"
                  },
                  "expectedDistance" : "> -2px",
                  "realDistance" : "0px"
                } ],
                "highlight" : [ "drugi-2", "drugi-3" ]
              }, {
                "status" : "info",
                "place" : {
                  "filePath" : "saletest.gspec",
                  "lineNumber" : 60
                },
                "name" : "aligned horizontally all drugi-3",
                "highlight" : [ "drugi-2", "drugi-3" ]
              } ]
            }, {
              "name" : "drugi-3",
              "specs" : [ {
                "status" : "info",
                "place" : {
                  "filePath" : "saletest.gspec",
                  "lineNumber" : 58
                },
                "name" : "left-of drugi-4  <2px",
                "meta" : [ {
                  "from" : {
                    "object" : "drugi-3",
                    "edge" : "right"
                  },
                  "to" : {
                    "object" : "drugi-4",
                    "edge" : "left"
                  },
                  "expectedDistance" : "< 2px",
                  "realDistance" : "0px"
                } ],
                "highlight" : [ "drugi-3", "drugi-4" ]
              }, {
                "status" : "info",
                "place" : {
                  "filePath" : "saletest.gspec",
                  "lineNumber" : 59
                },
                "name" : "left-of drugi-4  >-2px",
                "meta" : [ {
                  "from" : {
                    "object" : "drugi-3",
                    "edge" : "right"
                  },
                  "to" : {
                    "object" : "drugi-4",
                    "edge" : "left"
                  },
                  "expectedDistance" : "> -2px",
                  "realDistance" : "0px"
                } ],
                "highlight" : [ "drugi-3", "drugi-4" ]
              }, {
                "status" : "info",
                "place" : {
                  "filePath" : "saletest.gspec",
                  "lineNumber" : 60
                },
                "name" : "aligned horizontally all drugi-4",
                "highlight" : [ "drugi-3", "drugi-4" ]
              } ]
            }, {
              "name" : "drugi-4",
              "specs" : [ {
                "status" : "info",
                "place" : {
                  "filePath" : "saletest.gspec",
                  "lineNumber" : 58
                },
                "name" : "left-of drugi-5  <2px",
                "meta" : [ {
                  "from" : {
                    "object" : "drugi-4",
                    "edge" : "right"
                  },
                  "to" : {
                    "object" : "drugi-5",
                    "edge" : "left"
                  },
                  "expectedDistance" : "< 2px",
                  "realDistance" : "1px"
                } ],
                "highlight" : [ "drugi-4", "drugi-5" ]
              }, {
                "status" : "info",
                "place" : {
                  "filePath" : "saletest.gspec",
                  "lineNumber" : 59
                },
                "name" : "left-of drugi-5  >-2px",
                "meta" : [ {
                  "from" : {
                    "object" : "drugi-4",
                    "edge" : "right"
                  },
                  "to" : {
                    "object" : "drugi-5",
                    "edge" : "left"
                  },
                  "expectedDistance" : "> -2px",
                  "realDistance" : "1px"
                } ],
                "highlight" : [ "drugi-4", "drugi-5" ]
              }, {
                "status" : "info",
                "place" : {
                  "filePath" : "saletest.gspec",
                  "lineNumber" : 60
                },
                "name" : "aligned horizontally all drugi-5",
                "highlight" : [ "drugi-4", "drugi-5" ]
              } ]
            } ]
          }, {
            "name" : "TEST5",
            "place" : {
              "filePath" : "saletest.gspec",
              "lineNumber" : 62
            },
            "objects" : [ {
              "name" : "redni-1",
              "specs" : [ {
                "status" : "info",
                "place" : {
                  "filePath" : "saletest.gspec",
                  "lineNumber" : 65
                },
                "name" : "above redni-2 < 2px",
                "meta" : [ {
                  "from" : {
                    "object" : "redni-1",
                    "edge" : "bottom"
                  },
                  "to" : {
                    "object" : "redni-2",
                    "edge" : "top"
                  },
                  "expectedDistance" : "< 2px",
                  "realDistance" : "0px"
                } ],
                "highlight" : [ "redni-1", "redni-2" ]
              }, {
                "status" : "info",
                "place" : {
                  "filePath" : "saletest.gspec",
                  "lineNumber" : 66
                },
                "name" : "above redni-2 > -2px",
                "meta" : [ {
                  "from" : {
                    "object" : "redni-1",
                    "edge" : "bottom"
                  },
                  "to" : {
                    "object" : "redni-2",
                    "edge" : "top"
                  },
                  "expectedDistance" : "> -2px",
                  "realDistance" : "0px"
                } ],
                "highlight" : [ "redni-1", "redni-2" ]
              }, {
                "status" : "info",
                "place" : {
                  "filePath" : "saletest.gspec",
                  "lineNumber" : 67
                },
                "name" : "aligned vertically all redni-2",
                "highlight" : [ "redni-1", "redni-2" ]
              } ]
            }, {
              "name" : "redni-2",
              "specs" : [ {
                "status" : "info",
                "place" : {
                  "filePath" : "saletest.gspec",
                  "lineNumber" : 65
                },
                "name" : "above redni-3 < 2px",
                "meta" : [ {
                  "from" : {
                    "object" : "redni-2",
                    "edge" : "bottom"
                  },
                  "to" : {
                    "object" : "redni-3",
                    "edge" : "top"
                  },
                  "expectedDistance" : "< 2px",
                  "realDistance" : "-1px"
                } ],
                "highlight" : [ "redni-2", "redni-3" ]
              }, {
                "status" : "info",
                "place" : {
                  "filePath" : "saletest.gspec",
                  "lineNumber" : 66
                },
                "name" : "above redni-3 > -2px",
                "meta" : [ {
                  "from" : {
                    "object" : "redni-2",
                    "edge" : "bottom"
                  },
                  "to" : {
                    "object" : "redni-3",
                    "edge" : "top"
                  },
                  "expectedDistance" : "> -2px",
                  "realDistance" : "-1px"
                } ],
                "highlight" : [ "redni-2", "redni-3" ]
              }, {
                "status" : "info",
                "place" : {
                  "filePath" : "saletest.gspec",
                  "lineNumber" : 67
                },
                "name" : "aligned vertically all redni-3",
                "highlight" : [ "redni-2", "redni-3" ]
              } ]
            }, {
              "name" : "redni-3",
              "specs" : [ {
                "status" : "info",
                "place" : {
                  "filePath" : "saletest.gspec",
                  "lineNumber" : 65
                },
                "name" : "above redni-4 < 2px",
                "meta" : [ {
                  "from" : {
                    "object" : "redni-3",
                    "edge" : "bottom"
                  },
                  "to" : {
                    "object" : "redni-4",
                    "edge" : "top"
                  },
                  "expectedDistance" : "< 2px",
                  "realDistance" : "0px"
                } ],
                "highlight" : [ "redni-3", "redni-4" ]
              }, {
                "status" : "info",
                "place" : {
                  "filePath" : "saletest.gspec",
                  "lineNumber" : 66
                },
                "name" : "above redni-4 > -2px",
                "meta" : [ {
                  "from" : {
                    "object" : "redni-3",
                    "edge" : "bottom"
                  },
                  "to" : {
                    "object" : "redni-4",
                    "edge" : "top"
                  },
                  "expectedDistance" : "> -2px",
                  "realDistance" : "0px"
                } ],
                "highlight" : [ "redni-3", "redni-4" ]
              }, {
                "status" : "info",
                "place" : {
                  "filePath" : "saletest.gspec",
                  "lineNumber" : 67
                },
                "name" : "aligned vertically all redni-4",
                "highlight" : [ "redni-3", "redni-4" ]
              } ]
            }, {
              "name" : "redni-4",
              "specs" : [ {
                "status" : "info",
                "place" : {
                  "filePath" : "saletest.gspec",
                  "lineNumber" : 65
                },
                "name" : "above redni-5 < 2px",
                "meta" : [ {
                  "from" : {
                    "object" : "redni-4",
                    "edge" : "bottom"
                  },
                  "to" : {
                    "object" : "redni-5",
                    "edge" : "top"
                  },
                  "expectedDistance" : "< 2px",
                  "realDistance" : "0px"
                } ],
                "highlight" : [ "redni-4", "redni-5" ]
              }, {
                "status" : "info",
                "place" : {
                  "filePath" : "saletest.gspec",
                  "lineNumber" : 66
                },
                "name" : "above redni-5 > -2px",
                "meta" : [ {
                  "from" : {
                    "object" : "redni-4",
                    "edge" : "bottom"
                  },
                  "to" : {
                    "object" : "redni-5",
                    "edge" : "top"
                  },
                  "expectedDistance" : "> -2px",
                  "realDistance" : "0px"
                } ],
                "highlight" : [ "redni-4", "redni-5" ]
              }, {
                "status" : "info",
                "place" : {
                  "filePath" : "saletest.gspec",
                  "lineNumber" : 67
                },
                "name" : "aligned vertically all redni-5",
                "highlight" : [ "redni-4", "redni-5" ]
              } ]
            }, {
              "name" : "redni-5",
              "specs" : [ {
                "status" : "info",
                "place" : {
                  "filePath" : "saletest.gspec",
                  "lineNumber" : 65
                },
                "name" : "above redni-6 < 2px",
                "meta" : [ {
                  "from" : {
                    "object" : "redni-5",
                    "edge" : "bottom"
                  },
                  "to" : {
                    "object" : "redni-6",
                    "edge" : "top"
                  },
                  "expectedDistance" : "< 2px",
                  "realDistance" : "0px"
                } ],
                "highlight" : [ "redni-5", "redni-6" ]
              }, {
                "status" : "info",
                "place" : {
                  "filePath" : "saletest.gspec",
                  "lineNumber" : 66
                },
                "name" : "above redni-6 > -2px",
                "meta" : [ {
                  "from" : {
                    "object" : "redni-5",
                    "edge" : "bottom"
                  },
                  "to" : {
                    "object" : "redni-6",
                    "edge" : "top"
                  },
                  "expectedDistance" : "> -2px",
                  "realDistance" : "0px"
                } ],
                "highlight" : [ "redni-5", "redni-6" ]
              }, {
                "status" : "info",
                "place" : {
                  "filePath" : "saletest.gspec",
                  "lineNumber" : 67
                },
                "name" : "aligned vertically all redni-6",
                "highlight" : [ "redni-5", "redni-6" ]
              } ]
            }, {
              "name" : "redni-6",
              "specs" : [ {
                "status" : "info",
                "place" : {
                  "filePath" : "saletest.gspec",
                  "lineNumber" : 65
                },
                "name" : "above redni-7 < 2px",
                "meta" : [ {
                  "from" : {
                    "object" : "redni-6",
                    "edge" : "bottom"
                  },
                  "to" : {
                    "object" : "redni-7",
                    "edge" : "top"
                  },
                  "expectedDistance" : "< 2px",
                  "realDistance" : "0px"
                } ],
                "highlight" : [ "redni-6", "redni-7" ]
              }, {
                "status" : "info",
                "place" : {
                  "filePath" : "saletest.gspec",
                  "lineNumber" : 66
                },
                "name" : "above redni-7 > -2px",
                "meta" : [ {
                  "from" : {
                    "object" : "redni-6",
                    "edge" : "bottom"
                  },
                  "to" : {
                    "object" : "redni-7",
                    "edge" : "top"
                  },
                  "expectedDistance" : "> -2px",
                  "realDistance" : "0px"
                } ],
                "highlight" : [ "redni-6", "redni-7" ]
              }, {
                "status" : "info",
                "place" : {
                  "filePath" : "saletest.gspec",
                  "lineNumber" : 67
                },
                "name" : "aligned vertically all redni-7",
                "highlight" : [ "redni-6", "redni-7" ]
              } ]
            }, {
              "name" : "redni-7",
              "specs" : [ {
                "status" : "info",
                "place" : {
                  "filePath" : "saletest.gspec",
                  "lineNumber" : 65
                },
                "name" : "above redni-8 < 2px",
                "meta" : [ {
                  "from" : {
                    "object" : "redni-7",
                    "edge" : "bottom"
                  },
                  "to" : {
                    "object" : "redni-8",
                    "edge" : "top"
                  },
                  "expectedDistance" : "< 2px",
                  "realDistance" : "1px"
                } ],
                "highlight" : [ "redni-7", "redni-8" ]
              }, {
                "status" : "info",
                "place" : {
                  "filePath" : "saletest.gspec",
                  "lineNumber" : 66
                },
                "name" : "above redni-8 > -2px",
                "meta" : [ {
                  "from" : {
                    "object" : "redni-7",
                    "edge" : "bottom"
                  },
                  "to" : {
                    "object" : "redni-8",
                    "edge" : "top"
                  },
                  "expectedDistance" : "> -2px",
                  "realDistance" : "1px"
                } ],
                "highlight" : [ "redni-7", "redni-8" ]
              }, {
                "status" : "info",
                "place" : {
                  "filePath" : "saletest.gspec",
                  "lineNumber" : 67
                },
                "name" : "aligned vertically all redni-8",
                "highlight" : [ "redni-7", "redni-8" ]
              } ]
            }, {
              "name" : "redni-8",
              "specs" : [ {
                "status" : "info",
                "place" : {
                  "filePath" : "saletest.gspec",
                  "lineNumber" : 65
                },
                "name" : "above redni-9 < 2px",
                "meta" : [ {
                  "from" : {
                    "object" : "redni-8",
                    "edge" : "bottom"
                  },
                  "to" : {
                    "object" : "redni-9",
                    "edge" : "top"
                  },
                  "expectedDistance" : "< 2px",
                  "realDistance" : "0px"
                } ],
                "highlight" : [ "redni-8", "redni-9" ]
              }, {
                "status" : "info",
                "place" : {
                  "filePath" : "saletest.gspec",
                  "lineNumber" : 66
                },
                "name" : "above redni-9 > -2px",
                "meta" : [ {
                  "from" : {
                    "object" : "redni-8",
                    "edge" : "bottom"
                  },
                  "to" : {
                    "object" : "redni-9",
                    "edge" : "top"
                  },
                  "expectedDistance" : "> -2px",
                  "realDistance" : "0px"
                } ],
                "highlight" : [ "redni-8", "redni-9" ]
              }, {
                "status" : "info",
                "place" : {
                  "filePath" : "saletest.gspec",
                  "lineNumber" : 67
                },
                "name" : "aligned vertically all redni-9",
                "highlight" : [ "redni-8", "redni-9" ]
              } ]
            }, {
              "name" : "redni-9",
              "specs" : [ {
                "status" : "info",
                "place" : {
                  "filePath" : "saletest.gspec",
                  "lineNumber" : 65
                },
                "name" : "above redni-10 < 2px",
                "meta" : [ {
                  "from" : {
                    "object" : "redni-9",
                    "edge" : "bottom"
                  },
                  "to" : {
                    "object" : "redni-10",
                    "edge" : "top"
                  },
                  "expectedDistance" : "< 2px",
                  "realDistance" : "1px"
                } ],
                "highlight" : [ "redni-9", "redni-10" ]
              }, {
                "status" : "info",
                "place" : {
                  "filePath" : "saletest.gspec",
                  "lineNumber" : 66
                },
                "name" : "above redni-10 > -2px",
                "meta" : [ {
                  "from" : {
                    "object" : "redni-9",
                    "edge" : "bottom"
                  },
                  "to" : {
                    "object" : "redni-10",
                    "edge" : "top"
                  },
                  "expectedDistance" : "> -2px",
                  "realDistance" : "1px"
                } ],
                "highlight" : [ "redni-9", "redni-10" ]
              }, {
                "status" : "info",
                "place" : {
                  "filePath" : "saletest.gspec",
                  "lineNumber" : 67
                },
                "name" : "aligned vertically all redni-10",
                "highlight" : [ "redni-9", "redni-10" ]
              } ]
            } ]
          }, {
            "name" : "TEST6",
            "place" : {
              "filePath" : "saletest.gspec",
              "lineNumber" : 68
            },
            "objects" : [ {
              "name" : "sadrzaj",
              "specs" : [ {
                "status" : "info",
                "place" : {
                  "filePath" : "saletest.gspec",
                  "lineNumber" : 70
                },
                "name" : "contains tabela",
                "highlight" : [ "sadrzaj", "tabela" ]
              }, {
                "status" : "info",
                "place" : {
                  "filePath" : "saletest.gspec",
                  "lineNumber" : 71
                },
                "name" : "below meni 19px",
                "meta" : [ {
                  "from" : {
                    "object" : "sadrzaj",
                    "edge" : "top"
                  },
                  "to" : {
                    "object" : "meni",
                    "edge" : "bottom"
                  },
                  "expectedDistance" : "19px",
                  "realDistance" : "19px"
                } ],
                "highlight" : [ "sadrzaj", "meni" ]
              }, {
                "status" : "info",
                "place" : {
                  "filePath" : "saletest.gspec",
                  "lineNumber" : 72
                },
                "name" : "css background-color is \"rgba(100, 149, 237, 1)\"",
                "highlight" : [ "sadrzaj" ]
              } ]
            }, {
              "name" : "tabela",
              "specs" : [ {
                "status" : "info",
                "place" : {
                  "filePath" : "saletest.gspec",
                  "lineNumber" : 74
                },
                "name" : "inside sadrzaj",
                "meta" : [ ],
                "highlight" : [ "tabela", "sadrzaj" ]
              }, {
                "status" : "info",
                "place" : {
                  "filePath" : "saletest.gspec",
                  "lineNumber" : 75
                },
                "name" : "contains red-*",
                "highlight" : [ "tabela", "red-1", "red-2", "red-3", "red-4", "red-5", "red-6", "red-7", "red-8", "red-9", "red-10", "red-11" ]
              }, {
                "status" : "info",
                "place" : {
                  "filePath" : "saletest.gspec",
                  "lineNumber" : 76
                },
                "name" : "css background-color is \"rgba(100, 149, 237, 1)\"",
                "highlight" : [ "tabela" ]
              } ]
            }, {
              "name" : "sprat",
              "specs" : [ {
                "status" : "info",
                "place" : {
                  "filePath" : "saletest.gspec",
                  "lineNumber" : 78
                },
                "name" : "css background-color is \"rgba(128, 128, 128, 1)\"",
                "highlight" : [ "sprat" ]
              }, {
                "status" : "info",
                "place" : {
                  "filePath" : "saletest.gspec",
                  "lineNumber" : 79
                },
                "name" : "above red-1 < 2px",
                "meta" : [ {
                  "from" : {
                    "object" : "sprat",
                    "edge" : "bottom"
                  },
                  "to" : {
                    "object" : "red-1",
                    "edge" : "top"
                  },
                  "expectedDistance" : "< 2px",
                  "realDistance" : "-62px"
                } ],
                "highlight" : [ "sprat", "red-1" ]
              } ]
            }, {
              "name" : "prazno",
              "specs" : [ {
                "status" : "info",
                "place" : {
                  "filePath" : "saletest.gspec",
                  "lineNumber" : 81
                },
                "name" : "css background-color is \"rgba(100, 149, 237, 1)\"",
                "highlight" : [ "prazno" ]
              }, {
                "status" : "info",
                "place" : {
                  "filePath" : "saletest.gspec",
                  "lineNumber" : 82
                },
                "name" : "above red-2     <2px",
                "meta" : [ {
                  "from" : {
                    "object" : "prazno",
                    "edge" : "bottom"
                  },
                  "to" : {
                    "object" : "red-2",
                    "edge" : "top"
                  },
                  "expectedDistance" : "< 2px",
                  "realDistance" : "-1px"
                } ],
                "highlight" : [ "prazno", "red-2" ]
              }, {
                "status" : "info",
                "place" : {
                  "filePath" : "saletest.gspec",
                  "lineNumber" : 83
                },
                "name" : "left-of prvi <2px",
                "meta" : [ {
                  "from" : {
                    "object" : "prazno",
                    "edge" : "right"
                  },
                  "to" : {
                    "object" : "prvi",
                    "edge" : "left"
                  },
                  "expectedDistance" : "< 2px",
                  "realDistance" : "-1px"
                } ],
                "highlight" : [ "prazno", "prvi" ]
              } ]
            } ]
          }, {
            "name" : "TEST7",
            "place" : {
              "filePath" : "saletest.gspec",
              "lineNumber" : 84
            },
            "objects" : [ {
              "name" : "def-1",
              "specs" : [ {
                "status" : "info",
                "place" : {
                  "filePath" : "saletest.gspec",
                  "lineNumber" : 87
                },
                "name" : "css background-color is \"rgba(255, 255, 255, 1)\"",
                "highlight" : [ "def-1" ]
              } ]
            }, {
              "name" : "def-2",
              "specs" : [ {
                "status" : "info",
                "place" : {
                  "filePath" : "saletest.gspec",
                  "lineNumber" : 87
                },
                "name" : "css background-color is \"rgba(255, 255, 255, 1)\"",
                "highlight" : [ "def-2" ]
              } ]
            }, {
              "name" : "def-3",
              "specs" : [ {
                "status" : "info",
                "place" : {
                  "filePath" : "saletest.gspec",
                  "lineNumber" : 87
                },
                "name" : "css background-color is \"rgba(255, 255, 255, 1)\"",
                "highlight" : [ "def-3" ]
              } ]
            }, {
              "name" : "def-4",
              "specs" : [ {
                "status" : "info",
                "place" : {
                  "filePath" : "saletest.gspec",
                  "lineNumber" : 87
                },
                "name" : "css background-color is \"rgba(255, 255, 255, 1)\"",
                "highlight" : [ "def-4" ]
              } ]
            }, {
              "name" : "def-5",
              "specs" : [ {
                "status" : "info",
                "place" : {
                  "filePath" : "saletest.gspec",
                  "lineNumber" : 87
                },
                "name" : "css background-color is \"rgba(255, 255, 255, 1)\"",
                "highlight" : [ "def-5" ]
              } ]
            }, {
              "name" : "def-6",
              "specs" : [ {
                "status" : "info",
                "place" : {
                  "filePath" : "saletest.gspec",
                  "lineNumber" : 87
                },
                "name" : "css background-color is \"rgba(255, 255, 255, 1)\"",
                "highlight" : [ "def-6" ]
              } ]
            }, {
              "name" : "def-7",
              "specs" : [ {
                "status" : "info",
                "place" : {
                  "filePath" : "saletest.gspec",
                  "lineNumber" : 87
                },
                "name" : "css background-color is \"rgba(255, 255, 255, 1)\"",
                "highlight" : [ "def-7" ]
              } ]
            }, {
              "name" : "def-8",
              "specs" : [ {
                "status" : "info",
                "place" : {
                  "filePath" : "saletest.gspec",
                  "lineNumber" : 87
                },
                "name" : "css background-color is \"rgba(255, 255, 255, 1)\"",
                "highlight" : [ "def-8" ]
              } ]
            }, {
              "name" : "def-9",
              "specs" : [ {
                "status" : "info",
                "place" : {
                  "filePath" : "saletest.gspec",
                  "lineNumber" : 87
                },
                "name" : "css background-color is \"rgba(255, 255, 255, 1)\"",
                "highlight" : [ "def-9" ]
              } ]
            }, {
              "name" : "def-10",
              "specs" : [ {
                "status" : "info",
                "place" : {
                  "filePath" : "saletest.gspec",
                  "lineNumber" : 87
                },
                "name" : "css background-color is \"rgba(255, 255, 255, 1)\"",
                "highlight" : [ "def-10" ]
              } ]
            }, {
              "name" : "def-11",
              "specs" : [ {
                "status" : "info",
                "place" : {
                  "filePath" : "saletest.gspec",
                  "lineNumber" : 87
                },
                "name" : "css background-color is \"rgba(255, 255, 255, 1)\"",
                "highlight" : [ "def-11" ]
              } ]
            }, {
              "name" : "def-12",
              "specs" : [ {
                "status" : "info",
                "place" : {
                  "filePath" : "saletest.gspec",
                  "lineNumber" : 87
                },
                "name" : "css background-color is \"rgba(255, 255, 255, 1)\"",
                "highlight" : [ "def-12" ]
              } ]
            }, {
              "name" : "def-13",
              "specs" : [ {
                "status" : "info",
                "place" : {
                  "filePath" : "saletest.gspec",
                  "lineNumber" : 87
                },
                "name" : "css background-color is \"rgba(255, 255, 255, 1)\"",
                "highlight" : [ "def-13" ]
              } ]
            }, {
              "name" : "def-14",
              "specs" : [ {
                "status" : "info",
                "place" : {
                  "filePath" : "saletest.gspec",
                  "lineNumber" : 87
                },
                "name" : "css background-color is \"rgba(255, 255, 255, 1)\"",
                "highlight" : [ "def-14" ]
              } ]
            }, {
              "name" : "def-15",
              "specs" : [ {
                "status" : "info",
                "place" : {
                  "filePath" : "saletest.gspec",
                  "lineNumber" : 87
                },
                "name" : "css background-color is \"rgba(255, 255, 255, 1)\"",
                "highlight" : [ "def-15" ]
              } ]
            }, {
              "name" : "def-16",
              "specs" : [ {
                "status" : "info",
                "place" : {
                  "filePath" : "saletest.gspec",
                  "lineNumber" : 87
                },
                "name" : "css background-color is \"rgba(255, 255, 255, 1)\"",
                "highlight" : [ "def-16" ]
              } ]
            }, {
              "name" : "def-17",
              "specs" : [ {
                "status" : "info",
                "place" : {
                  "filePath" : "saletest.gspec",
                  "lineNumber" : 87
                },
                "name" : "css background-color is \"rgba(255, 255, 255, 1)\"",
                "highlight" : [ "def-17" ]
              } ]
            }, {
              "name" : "def-18",
              "specs" : [ {
                "status" : "info",
                "place" : {
                  "filePath" : "saletest.gspec",
                  "lineNumber" : 87
                },
                "name" : "css background-color is \"rgba(255, 255, 255, 1)\"",
                "highlight" : [ "def-18" ]
              } ]
            }, {
              "name" : "def-19",
              "specs" : [ {
                "status" : "info",
                "place" : {
                  "filePath" : "saletest.gspec",
                  "lineNumber" : 87
                },
                "name" : "css background-color is \"rgba(255, 255, 255, 1)\"",
                "highlight" : [ "def-19" ]
              } ]
            }, {
              "name" : "def-20",
              "specs" : [ {
                "status" : "info",
                "place" : {
                  "filePath" : "saletest.gspec",
                  "lineNumber" : 87
                },
                "name" : "css background-color is \"rgba(255, 255, 255, 1)\"",
                "highlight" : [ "def-20" ]
              } ]
            }, {
              "name" : "def-21",
              "specs" : [ {
                "status" : "info",
                "place" : {
                  "filePath" : "saletest.gspec",
                  "lineNumber" : 87
                },
                "name" : "css background-color is \"rgba(255, 255, 255, 1)\"",
                "highlight" : [ "def-21" ]
              } ]
            }, {
              "name" : "def-22",
              "specs" : [ {
                "status" : "info",
                "place" : {
                  "filePath" : "saletest.gspec",
                  "lineNumber" : 87
                },
                "name" : "css background-color is \"rgba(255, 255, 255, 1)\"",
                "highlight" : [ "def-22" ]
              } ]
            }, {
              "name" : "def-23",
              "specs" : [ {
                "status" : "info",
                "place" : {
                  "filePath" : "saletest.gspec",
                  "lineNumber" : 87
                },
                "name" : "css background-color is \"rgba(255, 255, 255, 1)\"",
                "highlight" : [ "def-23" ]
              } ]
            }, {
              "name" : "def-24",
              "specs" : [ {
                "status" : "info",
                "place" : {
                  "filePath" : "saletest.gspec",
                  "lineNumber" : 87
                },
                "name" : "css background-color is \"rgba(255, 255, 255, 1)\"",
                "highlight" : [ "def-24" ]
              } ]
            }, {
              "name" : "def-25",
              "specs" : [ {
                "status" : "info",
                "place" : {
                  "filePath" : "saletest.gspec",
                  "lineNumber" : 87
                },
                "name" : "css background-color is \"rgba(255, 255, 255, 1)\"",
                "highlight" : [ "def-25" ]
              } ]
            }, {
              "name" : "def-26",
              "specs" : [ {
                "status" : "info",
                "place" : {
                  "filePath" : "saletest.gspec",
                  "lineNumber" : 87
                },
                "name" : "css background-color is \"rgba(255, 255, 255, 1)\"",
                "highlight" : [ "def-26" ]
              } ]
            }, {
              "name" : "def-27",
              "specs" : [ {
                "status" : "info",
                "place" : {
                  "filePath" : "saletest.gspec",
                  "lineNumber" : 87
                },
                "name" : "css background-color is \"rgba(255, 255, 255, 1)\"",
                "highlight" : [ "def-27" ]
              } ]
            }, {
              "name" : "def-28",
              "specs" : [ {
                "status" : "info",
                "place" : {
                  "filePath" : "saletest.gspec",
                  "lineNumber" : 87
                },
                "name" : "css background-color is \"rgba(255, 255, 255, 1)\"",
                "highlight" : [ "def-28" ]
              } ]
            }, {
              "name" : "def-29",
              "specs" : [ {
                "status" : "info",
                "place" : {
                  "filePath" : "saletest.gspec",
                  "lineNumber" : 87
                },
                "name" : "css background-color is \"rgba(255, 255, 255, 1)\"",
                "highlight" : [ "def-29" ]
              } ]
            }, {
              "name" : "def-30",
              "specs" : [ {
                "status" : "info",
                "place" : {
                  "filePath" : "saletest.gspec",
                  "lineNumber" : 87
                },
                "name" : "css background-color is \"rgba(255, 255, 255, 1)\"",
                "highlight" : [ "def-30" ]
              } ]
            }, {
              "name" : "def-31",
              "specs" : [ {
                "status" : "info",
                "place" : {
                  "filePath" : "saletest.gspec",
                  "lineNumber" : 87
                },
                "name" : "css background-color is \"rgba(255, 255, 255, 1)\"",
                "highlight" : [ "def-31" ]
              } ]
            }, {
              "name" : "def-32",
              "specs" : [ {
                "status" : "info",
                "place" : {
                  "filePath" : "saletest.gspec",
                  "lineNumber" : 87
                },
                "name" : "css background-color is \"rgba(255, 255, 255, 1)\"",
                "highlight" : [ "def-32" ]
              } ]
            }, {
              "name" : "def-33",
              "specs" : [ {
                "status" : "info",
                "place" : {
                  "filePath" : "saletest.gspec",
                  "lineNumber" : 87
                },
                "name" : "css background-color is \"rgba(255, 255, 255, 1)\"",
                "highlight" : [ "def-33" ]
              } ]
            }, {
              "name" : "def-34",
              "specs" : [ {
                "status" : "info",
                "place" : {
                  "filePath" : "saletest.gspec",
                  "lineNumber" : 87
                },
                "name" : "css background-color is \"rgba(255, 255, 255, 1)\"",
                "highlight" : [ "def-34" ]
              } ]
            }, {
              "name" : "def-35",
              "specs" : [ {
                "status" : "info",
                "place" : {
                  "filePath" : "saletest.gspec",
                  "lineNumber" : 87
                },
                "name" : "css background-color is \"rgba(255, 255, 255, 1)\"",
                "highlight" : [ "def-35" ]
              } ]
            }, {
              "name" : "def-36",
              "specs" : [ {
                "status" : "info",
                "place" : {
                  "filePath" : "saletest.gspec",
                  "lineNumber" : 87
                },
                "name" : "css background-color is \"rgba(255, 255, 255, 1)\"",
                "highlight" : [ "def-36" ]
              } ]
            }, {
              "name" : "def-37",
              "specs" : [ {
                "status" : "info",
                "place" : {
                  "filePath" : "saletest.gspec",
                  "lineNumber" : 87
                },
                "name" : "css background-color is \"rgba(255, 255, 255, 1)\"",
                "highlight" : [ "def-37" ]
              } ]
            }, {
              "name" : "def-38",
              "specs" : [ {
                "status" : "info",
                "place" : {
                  "filePath" : "saletest.gspec",
                  "lineNumber" : 87
                },
                "name" : "css background-color is \"rgba(255, 255, 255, 1)\"",
                "highlight" : [ "def-38" ]
              } ]
            }, {
              "name" : "def-39",
              "specs" : [ {
                "status" : "info",
                "place" : {
                  "filePath" : "saletest.gspec",
                  "lineNumber" : 87
                },
                "name" : "css background-color is \"rgba(255, 255, 255, 1)\"",
                "highlight" : [ "def-39" ]
              } ]
            }, {
              "name" : "slobodna-1",
              "specs" : [ {
                "status" : "info",
                "place" : {
                  "filePath" : "saletest.gspec",
                  "lineNumber" : 91
                },
                "name" : "css background-color is \"rgba(173, 255, 47, 1)\"",
                "highlight" : [ "slobodna-1" ]
              } ]
            }, {
              "name" : "slobodna-2",
              "specs" : [ {
                "status" : "info",
                "place" : {
                  "filePath" : "saletest.gspec",
                  "lineNumber" : 91
                },
                "name" : "css background-color is \"rgba(173, 255, 47, 1)\"",
                "highlight" : [ "slobodna-2" ]
              } ]
            }, {
              "name" : "zauzeta-1",
              "specs" : [ {
                "status" : "info",
                "place" : {
                  "filePath" : "saletest.gspec",
                  "lineNumber" : 94
                },
                "name" : "css background-color is \"rgba(255, 0, 0, 1)\"",
                "highlight" : [ "zauzeta-1" ]
              } ]
            }, {
              "name" : "zauzeta-2",
              "specs" : [ {
                "status" : "info",
                "place" : {
                  "filePath" : "saletest.gspec",
                  "lineNumber" : 94
                },
                "name" : "css background-color is \"rgba(255, 0, 0, 1)\"",
                "highlight" : [ "zauzeta-2" ]
              } ]
            }, {
              "name" : "kancelarija-1",
              "specs" : [ {
                "status" : "info",
                "place" : {
                  "filePath" : "saletest.gspec",
                  "lineNumber" : 97
                },
                "name" : "css background-color is \"rgba(128, 128, 128, 1)\"",
                "highlight" : [ "kancelarija-1" ]
              } ]
            }, {
              "name" : "kancelarija-2",
              "specs" : [ {
                "status" : "info",
                "place" : {
                  "filePath" : "saletest.gspec",
                  "lineNumber" : 97
                },
                "name" : "css background-color is \"rgba(128, 128, 128, 1)\"",
                "highlight" : [ "kancelarija-2" ]
              } ]
            } ]
          } ],
          "objects" : {
            "red-1" : {
              "area" : [ 162, 128, 670, 62 ]
            },
            "slika" : {
              "area" : [ 462, 5, 70, 50 ]
            },
            "prvi" : {
              "area" : [ 299, 128, 532, 62 ]
            },
            "red-3" : {
              "area" : [ 162, 251, 670, 62 ]
            },
            "red-2" : {
              "area" : [ 162, 189, 670, 62 ]
            },
            "def-10" : {
              "area" : [ 725, 312, 106, 62 ]
            },
            "red-9" : {
              "area" : [ 162, 623, 670, 62 ]
            },
            "def-13" : {
              "area" : [ 512, 374, 106, 62 ]
            },
            "red-8" : {
              "area" : [ 162, 560, 670, 62 ]
            },
            "def-14" : {
              "area" : [ 618, 374, 106, 62 ]
            },
            "def-11" : {
              "area" : [ 299, 374, 106, 62 ]
            },
            "def-12" : {
              "area" : [ 406, 374, 106, 62 ]
            },
            "body" : {
              "area" : [ 8, 30, 978, 682 ]
            },
            "red-5" : {
              "area" : [ 162, 374, 670, 62 ]
            },
            "def-17" : {
              "area" : [ 512, 436, 106, 62 ]
            },
            "red-4" : {
              "area" : [ 162, 312, 670, 62 ]
            },
            "def-18" : {
              "area" : [ 618, 436, 106, 62 ]
            },
            "red-7" : {
              "area" : [ 162, 498, 670, 62 ]
            },
            "def-15" : {
              "area" : [ 299, 436, 106, 62 ]
            },
            "red-6" : {
              "area" : [ 162, 436, 670, 62 ]
            },
            "def-16" : {
              "area" : [ 406, 436, 106, 62 ]
            },
            "tabela" : {
              "area" : [ 162, 128, 670, 683 ]
            },
            "def-19" : {
              "area" : [ 299, 498, 106, 62 ]
            },
            "slobodna-1" : {
              "area" : [ 725, 374, 106, 62 ]
            },
            "logo" : {
              "area" : [ 462, 5, 70, 50 ]
            },
            "red-11" : {
              "area" : [ 162, 748, 670, 62 ]
            },
            "slobodna-2" : {
              "area" : [ 406, 685, 106, 62 ]
            },
            "red-10" : {
              "area" : [ 162, 685, 670, 62 ]
            },
            "redni-5" : {
              "area" : [ 162, 436, 138, 62 ]
            },
            "redni-6" : {
              "area" : [ 162, 498, 138, 62 ]
            },
            "sprat" : {
              "area" : [ 299, 128, 532, 62 ]
            },
            "redni-7" : {
              "area" : [ 162, 560, 138, 62 ]
            },
            "redni-8" : {
              "area" : [ 162, 623, 138, 62 ]
            },
            "redni-1" : {
              "area" : [ 162, 189, 138, 62 ]
            },
            "redni-2" : {
              "area" : [ 162, 251, 138, 62 ]
            },
            "redni-3" : {
              "area" : [ 162, 312, 138, 62 ]
            },
            "redni-4" : {
              "area" : [ 162, 374, 138, 62 ]
            },
            "drugi-4" : {
              "area" : [ 618, 189, 106, 62 ]
            },
            "drugi-5" : {
              "area" : [ 725, 189, 106, 62 ]
            },
            "redni-9" : {
              "area" : [ 162, 685, 138, 62 ]
            },
            "prazno" : {
              "area" : [ 162, 128, 138, 62 ]
            },
            "drugi-1" : {
              "area" : [ 299, 189, 106, 62 ]
            },
            "drugi-2" : {
              "area" : [ 406, 189, 106, 62 ]
            },
            "zauzeta-1" : {
              "area" : [ 725, 436, 106, 62 ]
            },
            "drugi-3" : {
              "area" : [ 512, 189, 106, 62 ]
            },
            "zauzeta-2" : {
              "area" : [ 406, 748, 106, 62 ]
            },
            "kancelarija-2" : {
              "area" : [ 406, 623, 106, 62 ]
            },
            "kancelarija-1" : {
              "area" : [ 406, 560, 106, 62 ]
            },
            "def-8" : {
              "area" : [ 512, 312, 106, 62 ]
            },
            "def-9" : {
              "area" : [ 618, 312, 106, 62 ]
            },
            "def-31" : {
              "area" : [ 725, 623, 106, 62 ]
            },
            "def-32" : {
              "area" : [ 299, 685, 106, 62 ]
            },
            "def-30" : {
              "area" : [ 618, 623, 106, 62 ]
            },
            "def-35" : {
              "area" : [ 725, 685, 106, 62 ]
            },
            "def-36" : {
              "area" : [ 299, 748, 106, 62 ]
            },
            "def-33" : {
              "area" : [ 512, 685, 106, 62 ]
            },
            "def-34" : {
              "area" : [ 618, 685, 106, 62 ]
            },
            "def-39" : {
              "area" : [ 725, 748, 106, 62 ]
            },
            "def-37" : {
              "area" : [ 512, 748, 106, 62 ]
            },
            "def-38" : {
              "area" : [ 618, 748, 106, 62 ]
            },
            "def-1" : {
              "area" : [ 299, 251, 106, 62 ]
            },
            "def-2" : {
              "area" : [ 406, 251, 106, 62 ]
            },
            "def-3" : {
              "area" : [ 512, 251, 106, 62 ]
            },
            "def-4" : {
              "area" : [ 618, 251, 106, 62 ]
            },
            "def-5" : {
              "area" : [ 725, 251, 106, 62 ]
            },
            "def-6" : {
              "area" : [ 299, 312, 106, 62 ]
            },
            "def-7" : {
              "area" : [ 406, 312, 106, 62 ]
            },
            "meni" : {
              "area" : [ 8, 30, 978, 69 ]
            },
            "def-20" : {
              "area" : [ 406, 498, 106, 62 ]
            },
            "def-21" : {
              "area" : [ 512, 498, 106, 62 ]
            },
            "def-24" : {
              "area" : [ 299, 560, 106, 62 ]
            },
            "def-25" : {
              "area" : [ 512, 560, 106, 62 ]
            },
            "def-22" : {
              "area" : [ 618, 498, 106, 62 ]
            },
            "def-23" : {
              "area" : [ 725, 498, 106, 62 ]
            },
            "elementLIste-3" : {
              "area" : [ 134, 80, 34, 18 ]
            },
            "def-28" : {
              "area" : [ 299, 623, 106, 62 ]
            },
            "elementLIste-2" : {
              "area" : [ 102, 80, 28, 18 ]
            },
            "def-29" : {
              "area" : [ 512, 623, 106, 62 ]
            },
            "sadrzaj" : {
              "area" : [ 8, 118, 978, 702 ]
            },
            "elementLIste-5" : {
              "area" : [ 251, 80, 41, 18 ]
            },
            "def-26" : {
              "area" : [ 618, 560, 106, 62 ]
            },
            "elementLIste-4" : {
              "area" : [ 171, 80, 75, 18 ]
            },
            "def-27" : {
              "area" : [ 725, 560, 106, 62 ]
            },
            "elementLIste-1" : {
              "area" : [ 48, 80, 50, 18 ]
            },
            "redni-10" : {
              "area" : [ 162, 748, 138, 62 ]
            }
          },
          "screenshot" : "layout-1-screenshot.png",
          "type" : "layout"
        }, {
          "name" : "Mutation testing: saletest.gspec included tags: ",
          "status" : "info",
          "time" : 1573672711634,
          "mutationReport" : {
            "objectMutationStatistics" : {
              "red-1" : {
                "passed" : 10,
                "failed" : 0,
                "failedMutations" : [ ]
              },
              "slika" : {
                "passed" : 10,
                "failed" : 0,
                "failedMutations" : [ ]
              },
              "prvi" : {
                "passed" : 10,
                "failed" : 0,
                "failedMutations" : [ ]
              },
              "red-3" : {
                "passed" : 10,
                "failed" : 0,
                "failedMutations" : [ ]
              },
              "red-2" : {
                "passed" : 10,
                "failed" : 0,
                "failedMutations" : [ ]
              },
              "def-10" : {
                "passed" : 10,
                "failed" : 0,
                "failedMutations" : [ ]
              },
              "red-9" : {
                "passed" : 10,
                "failed" : 0,
                "failedMutations" : [ ]
              },
              "def-13" : {
                "passed" : 10,
                "failed" : 0,
                "failedMutations" : [ ]
              },
              "red-8" : {
                "passed" : 10,
                "failed" : 0,
                "failedMutations" : [ ]
              },
              "def-14" : {
                "passed" : 10,
                "failed" : 0,
                "failedMutations" : [ ]
              },
              "def-11" : {
                "passed" : 10,
                "failed" : 0,
                "failedMutations" : [ ]
              },
              "def-12" : {
                "passed" : 10,
                "failed" : 0,
                "failedMutations" : [ ]
              },
              "body" : {
                "passed" : 10,
                "failed" : 0,
                "failedMutations" : [ ]
              },
              "red-5" : {
                "passed" : 10,
                "failed" : 0,
                "failedMutations" : [ ]
              },
              "def-17" : {
                "passed" : 10,
                "failed" : 0,
                "failedMutations" : [ ]
              },
              "red-4" : {
                "passed" : 10,
                "failed" : 0,
                "failedMutations" : [ ]
              },
              "def-18" : {
                "passed" : 10,
                "failed" : 0,
                "failedMutations" : [ ]
              },
              "red-7" : {
                "passed" : 10,
                "failed" : 0,
                "failedMutations" : [ ]
              },
              "def-15" : {
                "passed" : 10,
                "failed" : 0,
                "failedMutations" : [ ]
              },
              "red-6" : {
                "passed" : 10,
                "failed" : 0,
                "failedMutations" : [ ]
              },
              "def-16" : {
                "passed" : 10,
                "failed" : 0,
                "failedMutations" : [ ]
              },
              "tabela" : {
                "passed" : 10,
                "failed" : 0,
                "failedMutations" : [ ]
              },
              "def-19" : {
                "passed" : 10,
                "failed" : 0,
                "failedMutations" : [ ]
              },
              "slobodna-1" : {
                "passed" : 10,
                "failed" : 0,
                "failedMutations" : [ ]
              },
              "logo" : {
                "passed" : 10,
                "failed" : 0,
                "failedMutations" : [ ]
              },
              "red-11" : {
                "passed" : 10,
                "failed" : 0,
                "failedMutations" : [ ]
              },
              "slobodna-2" : {
                "passed" : 10,
                "failed" : 0,
                "failedMutations" : [ ]
              },
              "red-10" : {
                "passed" : 10,
                "failed" : 0,
                "failedMutations" : [ ]
              },
              "redni-5" : {
                "passed" : 10,
                "failed" : 0,
                "failedMutations" : [ ]
              },
              "redni-6" : {
                "passed" : 10,
                "failed" : 0,
                "failedMutations" : [ ]
              },
              "sprat" : {
                "passed" : 10,
                "failed" : 0,
                "failedMutations" : [ ]
              },
              "redni-7" : {
                "passed" : 10,
                "failed" : 0,
                "failedMutations" : [ ]
              },
              "redni-8" : {
                "passed" : 10,
                "failed" : 0,
                "failedMutations" : [ ]
              },
              "redni-1" : {
                "passed" : 10,
                "failed" : 0,
                "failedMutations" : [ ]
              },
              "redni-2" : {
                "passed" : 10,
                "failed" : 0,
                "failedMutations" : [ ]
              },
              "redni-3" : {
                "passed" : 10,
                "failed" : 0,
                "failedMutations" : [ ]
              },
              "redni-4" : {
                "passed" : 10,
                "failed" : 0,
                "failedMutations" : [ ]
              },
              "drugi-4" : {
                "passed" : 10,
                "failed" : 0,
                "failedMutations" : [ ]
              },
              "drugi-5" : {
                "passed" : 10,
                "failed" : 0,
                "failedMutations" : [ ]
              },
              "redni-9" : {
                "passed" : 10,
                "failed" : 0,
                "failedMutations" : [ ]
              },
              "prazno" : {
                "passed" : 10,
                "failed" : 0,
                "failedMutations" : [ ]
              },
              "drugi-1" : {
                "passed" : 10,
                "failed" : 0,
                "failedMutations" : [ ]
              },
              "drugi-2" : {
                "passed" : 10,
                "failed" : 0,
                "failedMutations" : [ ]
              },
              "zauzeta-1" : {
                "passed" : 10,
                "failed" : 0,
                "failedMutations" : [ ]
              },
              "drugi-3" : {
                "passed" : 10,
                "failed" : 0,
                "failedMutations" : [ ]
              },
              "zauzeta-2" : {
                "passed" : 10,
                "failed" : 0,
                "failedMutations" : [ ]
              },
              "kancelarija-2" : {
                "passed" : 10,
                "failed" : 0,
                "failedMutations" : [ ]
              },
              "kancelarija-1" : {
                "passed" : 10,
                "failed" : 0,
                "failedMutations" : [ ]
              },
              "def-8" : {
                "passed" : 10,
                "failed" : 0,
                "failedMutations" : [ ]
              },
              "def-9" : {
                "passed" : 10,
                "failed" : 0,
                "failedMutations" : [ ]
              },
              "def-31" : {
                "passed" : 10,
                "failed" : 0,
                "failedMutations" : [ ]
              },
              "def-32" : {
                "passed" : 10,
                "failed" : 0,
                "failedMutations" : [ ]
              },
              "def-30" : {
                "passed" : 10,
                "failed" : 0,
                "failedMutations" : [ ]
              },
              "def-35" : {
                "passed" : 10,
                "failed" : 0,
                "failedMutations" : [ ]
              },
              "def-36" : {
                "passed" : 10,
                "failed" : 0,
                "failedMutations" : [ ]
              },
              "def-33" : {
                "passed" : 10,
                "failed" : 0,
                "failedMutations" : [ ]
              },
              "def-34" : {
                "passed" : 10,
                "failed" : 0,
                "failedMutations" : [ ]
              },
              "def-39" : {
                "passed" : 10,
                "failed" : 0,
                "failedMutations" : [ ]
              },
              "def-37" : {
                "passed" : 10,
                "failed" : 0,
                "failedMutations" : [ ]
              },
              "def-38" : {
                "passed" : 10,
                "failed" : 0,
                "failedMutations" : [ ]
              },
              "def-1" : {
                "passed" : 10,
                "failed" : 0,
                "failedMutations" : [ ]
              },
              "def-2" : {
                "passed" : 10,
                "failed" : 0,
                "failedMutations" : [ ]
              },
              "def-3" : {
                "passed" : 10,
                "failed" : 0,
                "failedMutations" : [ ]
              },
              "def-4" : {
                "passed" : 10,
                "failed" : 0,
                "failedMutations" : [ ]
              },
              "def-5" : {
                "passed" : 10,
                "failed" : 0,
                "failedMutations" : [ ]
              },
              "def-6" : {
                "passed" : 10,
                "failed" : 0,
                "failedMutations" : [ ]
              },
              "def-7" : {
                "passed" : 10,
                "failed" : 0,
                "failedMutations" : [ ]
              },
              "meni" : {
                "passed" : 10,
                "failed" : 0,
                "failedMutations" : [ ]
              },
              "def-20" : {
                "passed" : 10,
                "failed" : 0,
                "failedMutations" : [ ]
              },
              "def-21" : {
                "passed" : 10,
                "failed" : 0,
                "failedMutations" : [ ]
              },
              "def-24" : {
                "passed" : 10,
                "failed" : 0,
                "failedMutations" : [ ]
              },
              "def-25" : {
                "passed" : 10,
                "failed" : 0,
                "failedMutations" : [ ]
              },
              "def-22" : {
                "passed" : 10,
                "failed" : 0,
                "failedMutations" : [ ]
              },
              "def-23" : {
                "passed" : 10,
                "failed" : 0,
                "failedMutations" : [ ]
              },
              "elementLIste-3" : {
                "passed" : 10,
                "failed" : 0,
                "failedMutations" : [ ]
              },
              "def-28" : {
                "passed" : 10,
                "failed" : 0,
                "failedMutations" : [ ]
              },
              "elementLIste-2" : {
                "passed" : 10,
                "failed" : 0,
                "failedMutations" : [ ]
              },
              "def-29" : {
                "passed" : 10,
                "failed" : 0,
                "failedMutations" : [ ]
              },
              "sadrzaj" : {
                "passed" : 10,
                "failed" : 0,
                "failedMutations" : [ ]
              },
              "elementLIste-5" : {
                "passed" : 10,
                "failed" : 0,
                "failedMutations" : [ ]
              },
              "def-26" : {
                "passed" : 10,
                "failed" : 0,
                "failedMutations" : [ ]
              },
              "elementLIste-4" : {
                "passed" : 10,
                "failed" : 0,
                "failedMutations" : [ ]
              },
              "def-27" : {
                "passed" : 10,
                "failed" : 0,
                "failedMutations" : [ ]
              },
              "elementLIste-1" : {
                "passed" : 10,
                "failed" : 0,
                "failedMutations" : [ ]
              },
              "redni-10" : {
                "passed" : 10,
                "failed" : 0,
                "failedMutations" : [ ]
              }
            },
            "totalPassed" : 850,
            "totalFailed" : 0,
            "totalMutations" : 850,
            "failedRatio" : 0.0
          },
          "type" : "mutation"
        } ],
        "time" : 1573672699393,
        "type" : "node"
      } ],
      "time" : 1573672695068,
      "type" : "node"
    } ]
  }
}